CountyCode,CountyName,DistrictCode,DistrictName,PercentDaysPresent,Year
01,ATLANTIC,0010,ABSECON CITY,96.8,2017-18
01,ATLANTIC,0110,ATLANTIC CITY,98.7,2017-18
01,ATLANTIC,0120,ATLANTIC CO VOCATIONAL,97.7,2017-18
01,ATLANTIC,0125,ATLANTIC CO SPECIAL SERV,95.8,2017-18
01,ATLANTIC,0570,BRIGANTINE CITY,94.8,2017-18
01,ATLANTIC,0590,BUENA REGIONAL,97.4,2017-18
01,ATLANTIC,1300,EGG HARBOR CITY,95.6,2017-18
01,ATLANTIC,1310,EGG HARBOR TWP,96.2,2017-18
01,ATLANTIC,1410,ESTELL MANOR CITY,96.5,2017-18
01,ATLANTIC,1540,FOLSOM BORO,96.7,2017-18
01,ATLANTIC,1690,GALLOWAY TWP,94.8,2017-18
01,ATLANTIC,1790,GREATER EGG HARBOR REG,96.4,2017-18
01,ATLANTIC,1940,HAMILTON TWP,96.6,2017-18
01,ATLANTIC,1960,HAMMONTON TOWN,96.5,2017-18
01,ATLANTIC,2680,LINWOOD CITY,97.9,2017-18
01,ATLANTIC,2910,MAINLAND REGIONAL,96.6,2017-18
01,ATLANTIC,3020,MARGATE CITY,95.5,2017-18
01,ATLANTIC,3480,MULLICA TWP,95.8,2017-18
01,ATLANTIC,3720,NORTHFIELD CITY,94.4,2017-18
01,ATLANTIC,4180,PLEASANTVILLE CITY,90.5,2017-18
01,ATLANTIC,4240,PORT REPUBLIC CITY,98.3,2017-18
01,ATLANTIC,4800,SOMERS POINT CITY,94.0,2017-18
01,ATLANTIC,5350,VENTNOR CITY,95.8,2017-18
01,ATLANTIC,5760,WEYMOUTH TWP,96.6,2017-18
03,BERGEN,0040,ALLENDALE BORO,98.5,2017-18
03,BERGEN,0080,ALPINE BORO,96.3,2017-18
03,BERGEN,0285,BERGEN CO SPECIAL SERVICE,90.7,2017-18
03,BERGEN,0290,BERGEN COUNTY VOCATIONAL,91.8,2017-18
03,BERGEN,0300,BERGENFIELD BORO,96.5,2017-18
03,BERGEN,0440,BOGOTA BORO,96.7,2017-18
03,BERGEN,0740,CARLSTADT BORO,95.4,2017-18
03,BERGEN,0745,CARLSTADT-EAST RUTHERFORD,95.8,2017-18
03,BERGEN,0890,CLIFFSIDE PARK BORO,96.4,2017-18
03,BERGEN,0930,CLOSTER BORO,96.7,2017-18
03,BERGEN,0990,CRESSKILL BORO,98.1,2017-18
03,BERGEN,1070,DEMAREST BORO,96.6,2017-18
03,BERGEN,1130,DUMONT BORO,94.6,2017-18
03,BERGEN,1230,EAST RUTHERFORD BORO,95.9,2017-18
03,BERGEN,1270,EDGEWATER BORO,96.9,2017-18
03,BERGEN,1345,ELMWOOD PARK,97.4,2017-18
03,BERGEN,1360,EMERSON BORO,97.6,2017-18
03,BERGEN,1370,ENGLEWOOD CITY,90.0,2017-18
03,BERGEN,1380,ENGLEWOOD CLIFFS BORO,96.7,2017-18
03,BERGEN,1450,FAIR LAWN BORO,95.6,2017-18
03,BERGEN,1470,FAIRVIEW BORO,97.0,2017-18
03,BERGEN,1550,FORT LEE BORO,95.3,2017-18
03,BERGEN,1580,FRANKLIN LAKES BORO,96.5,2017-18
03,BERGEN,1700,GARFIELD CITY,95.8,2017-18
03,BERGEN,1760,GLEN ROCK BORO,96.6,2017-18
03,BERGEN,1860,HACKENSACK CITY,90.7,2017-18
03,BERGEN,2050,HARRINGTON PARK BORO,97.5,2017-18
03,BERGEN,2080,HASBROUCK HEIGHTS BORO,96.3,2017-18
03,BERGEN,2090,HAWORTH BORO,96.3,2017-18
03,BERGEN,2180,HILLSDALE BORO,97.6,2017-18
03,BERGEN,2200,HO HO KUS BORO,98.4,2017-18
03,BERGEN,2620,LEONIA BORO,92.7,2017-18
03,BERGEN,2710,LITTLE FERRY BORO,98.5,2017-18
03,BERGEN,2740,LODI BOROUGH,95.9,2017-18
03,BERGEN,2860,LYNDHURST TWP,97.2,2017-18
03,BERGEN,2900,MAHWAH TWP,97.1,2017-18
03,BERGEN,3060,MAYWOOD BORO,92.6,2017-18
03,BERGEN,3170,MIDLAND PARK BORO,96.7,2017-18
03,BERGEN,3330,MONTVALE BORO,98.3,2017-18
03,BERGEN,3350,MOONACHIE BORO,97.5,2017-18
03,BERGEN,3550,NEW MILFORD BORO,96.2,2017-18
03,BERGEN,3600,NORTH ARLINGTON BORO,96.8,2017-18
03,BERGEN,3700,NORTHERN HIGHLANDS REG,94.7,2017-18
03,BERGEN,3710,NORTHERN VALLEY REGIONAL,97.4,2017-18
03,BERGEN,3730,NORTHVALE BORO,96.7,2017-18
03,BERGEN,3740,NORWOOD BORO,98.9,2017-18
03,BERGEN,3760,OAKLAND BORO,96.7,2017-18
03,BERGEN,3850,OLD TAPPAN BORO,97.0,2017-18
03,BERGEN,3870,ORADELL BORO,95.6,2017-18
03,BERGEN,3910,PALISADES PARK,96.5,2017-18
03,BERGEN,3930,PARAMUS BORO,91.6,2017-18
03,BERGEN,3940,PARK RIDGE BORO,96.4,2017-18
03,BERGEN,3960,PASCACK VALLEY REGIONAL,98.1,2017-18
03,BERGEN,4300,RAMAPO-INDIAN HILL REG,97.3,2017-18
03,BERGEN,4310,RAMSEY BORO,97.2,2017-18
03,BERGEN,4370,RIDGEFIELD BORO,96.6,2017-18
03,BERGEN,4380,RIDGEFIELD PARK TWP,98.0,2017-18
03,BERGEN,4390,RIDGEWOOD VILLAGE,97.8,2017-18
03,BERGEN,4405,RIVER DELL REGIONAL,97.0,2017-18
03,BERGEN,4410,RIVER EDGE BORO,97.2,2017-18
03,BERGEN,4430,RIVER VALE TWP,98.2,2017-18
03,BERGEN,4470,ROCHELLE PARK TWP,96.7,2017-18
03,BERGEN,4600,RUTHERFORD BORO,97.4,2017-18
03,BERGEN,4610,SADDLE BROOK TWP,97.3,2017-18
03,BERGEN,4620,SADDLE RIVER BORO,96.9,2017-18
03,BERGEN,4845,SOUTH BERGEN JOINTURE COM,100.0,2017-18
03,BERGEN,4870,SOUTH HACKENSACK TWP,96.3,2017-18
03,BERGEN,5150,TEANECK TWP,94.6,2017-18
03,BERGEN,5160,TENAFLY BORO,97.7,2017-18
03,BERGEN,5330,UPPER SADDLE RIVER BORO,97.3,2017-18
03,BERGEN,5410,WALDWICK BORO,96.7,2017-18
03,BERGEN,5430,WALLINGTON BORO,97.1,2017-18
03,BERGEN,5755,WESTWOOD REGIONAL,97.1,2017-18
03,BERGEN,5830,WOOD-RIDGE BORO,96.6,2017-18
03,BERGEN,5880,WOODCLIFF LAKE BORO,96.1,2017-18
03,BERGEN,5920,WYCKOFF TWP,97.1,2017-18
05,BURLINGTON,0200,BASS RIVER TWP,95.5,2017-18
05,BURLINGTON,0380,BEVERLY CITY,98.1,2017-18
05,BURLINGTON,0475,BORDENTOWN REGIONAL,97.3,2017-18
05,BURLINGTON,0600,BURLINGTON CITY,97.5,2017-18
05,BURLINGTON,0605,BURLINGTON CO SPEC SERV,96.7,2017-18
05,BURLINGTON,0610,BURLINGTON CO VOCATIONAL,96.3,2017-18
05,BURLINGTON,0620,BURLINGTON TWP,97.8,2017-18
05,BURLINGTON,0830,CHESTERFIELD TWP,96.5,2017-18
05,BURLINGTON,0840,CINNAMINSON TWP,96.7,2017-18
05,BURLINGTON,1030,DELANCO TWP,96.9,2017-18
05,BURLINGTON,1060,DELRAN TWP,95.0,2017-18
05,BURLINGTON,1250,EASTAMPTON TWP,97.1,2017-18
05,BURLINGTON,1280,EDGEWATER PARK TWP,92.8,2017-18
05,BURLINGTON,1420,EVESHAM TWP,96.7,2017-18
05,BURLINGTON,1520,FLORENCE TWP,96.0,2017-18
05,BURLINGTON,1910,HAINESPORT TWP,97.4,2017-18
05,BURLINGTON,2610,LENAPE REGIONAL,97.3,2017-18
05,BURLINGTON,2850,LUMBERTON TWP,95.2,2017-18
05,BURLINGTON,2960,MANSFIELD TWP,97.2,2017-18
05,BURLINGTON,3010,MAPLE SHADE TWP,98.0,2017-18
05,BURLINGTON,3070,MEDFORD LAKES BORO,98.1,2017-18
05,BURLINGTON,3080,MEDFORD TWP,97.3,2017-18
05,BURLINGTON,3360,MOORESTOWN TWP,96.0,2017-18
05,BURLINGTON,3430,MOUNT HOLLY TWP,97.2,2017-18
05,BURLINGTON,3440,MOUNT LAUREL TWP,97.0,2017-18
05,BURLINGTON,3540,NEW HANOVER TWP,95.8,2017-18
05,BURLINGTON,3650,NORTH HANOVER TWP,96.5,2017-18
05,BURLINGTON,3690,NORTHERN BURLINGTON REG,98.6,2017-18
05,BURLINGTON,3920,PALMYRA BORO,97.1,2017-18
05,BURLINGTON,4050,PEMBERTON TWP,94.9,2017-18
05,BURLINGTON,4320,RANCOCAS VALLEY REGIONAL,99.2,2017-18
05,BURLINGTON,4450,RIVERSIDE TWP,97.4,2017-18
05,BURLINGTON,4460,RIVERTON,96.3,2017-18
05,BURLINGTON,4740,SHAMONG TWP,95.9,2017-18
05,BURLINGTON,4930,SOUTHAMPTON TWP,94.9,2017-18
05,BURLINGTON,5010,SPRINGFIELD TWP,95.5,2017-18
05,BURLINGTON,5130,TABERNACLE TWP,97.3,2017-18
05,BURLINGTON,5720,WESTAMPTON,96.3,2017-18
05,BURLINGTON,5805,WILLINGBORO TWP,90.3,2017-18
05,BURLINGTON,5890,WOODLAND TWP,96.0,2017-18
07,CAMDEN,0150,AUDUBON BORO,100.0,2017-18
07,CAMDEN,0190,BARRINGTON BORO,95.9,2017-18
07,CAMDEN,0260,BELLMAWR BORO,95.7,2017-18
07,CAMDEN,0330,BERLIN BORO,93.1,2017-18
07,CAMDEN,0340,BERLIN TWP,96.4,2017-18
07,CAMDEN,0390,BLACK HORSE PIKE REGIONAL,96.8,2017-18
07,CAMDEN,0580,BROOKLAWN BORO,94.1,2017-18
07,CAMDEN,0680,CAMDEN CITY,93.4,2017-18
07,CAMDEN,0700,CAMDEN COUNTY VOCATIONAL,95.8,2017-18
07,CAMDEN,0800,CHERRY HILL TWP,96.5,2017-18
07,CAMDEN,0880,CLEMENTON BORO,97.4,2017-18
07,CAMDEN,0940,COLLINGSWOOD BORO,97.6,2017-18
07,CAMDEN,1255,EASTERN CAMDEN COUNTY REG,96.5,2017-18
07,CAMDEN,1720,GIBBSBORO BORO,97.7,2017-18
07,CAMDEN,1770,GLOUCESTER CITY,95.2,2017-18
07,CAMDEN,1780,GLOUCESTER TWP,94.2,2017-18
07,CAMDEN,1799,"KIPP: COOPER NORCROSS, A NEW JERSEY NONPROFIT CORPORATION",98.0,2017-18
07,CAMDEN,1801,"CAMDEN PREP, INC.",98.4,2017-18
07,CAMDEN,1802,"MASTERY SCHOOLS OF CAMDEN, INC. ",99.6,2017-18
07,CAMDEN,1880,HADDON HEIGHTS BORO,89.7,2017-18
07,CAMDEN,1890,HADDON TWP,97.6,2017-18
07,CAMDEN,1900,HADDONFIELD BORO,97.6,2017-18
07,CAMDEN,2540,LAUREL SPRINGS BORO,97.7,2017-18
07,CAMDEN,2560,LAWNSIDE BORO,9999999.0,2017-18
07,CAMDEN,2670,LINDENWOLD BORO,96.9,2017-18
07,CAMDEN,2890,MAGNOLIA BORO,98.9,2017-18
07,CAMDEN,3110,MERCHANTVILLE BORO,96.1,2017-18
07,CAMDEN,3420,MOUNT EPHRAIM BORO,92.8,2017-18
07,CAMDEN,3770,OAKLYN BORO,96.8,2017-18
07,CAMDEN,4060,PENNSAUKEN TWP,96.9,2017-18
07,CAMDEN,4110,PINE HILL BORO,96.0,2017-18
07,CAMDEN,4590,RUNNEMEDE BORO,100.0,2017-18
07,CAMDEN,4790,SOMERDALE BORO,96.4,2017-18
07,CAMDEN,5035,STERLING HIGH SCHOOL DIST,96.9,2017-18
07,CAMDEN,5080,STRATFORD BORO,93.8,2017-18
07,CAMDEN,5400,VOORHEES TWP,97.6,2017-18
07,CAMDEN,5560,WATERFORD TWP,96.4,2017-18
07,CAMDEN,5820,WINSLOW TWP,94.3,2017-18
07,CAMDEN,5900,WOODLYNNE BORO,100.0,2017-18
09,CAPE MAY,0170,AVALON BORO,97.8,2017-18
09,CAPE MAY,0710,CAPE MAY CITY,94.4,2017-18
09,CAPE MAY,0715,CAPE MAY CO SPECIAL SERV,95.3,2017-18
09,CAPE MAY,0720,CAPE MAY CO VOCATIONAL,96.2,2017-18
09,CAPE MAY,1080,DENNIS TWP,97.2,2017-18
09,CAPE MAY,2820,LOWER CAPE MAY REGIONAL,97.6,2017-18
09,CAPE MAY,2840,LOWER TWP,94.3,2017-18
09,CAPE MAY,3130,MIDDLE TWP,94.9,2017-18
09,CAPE MAY,3680,NORTH WILDWOOD CITY,96.4,2017-18
09,CAPE MAY,3780,OCEAN CITY,97.0,2017-18
09,CAPE MAY,5060,STONE HARBOR BORO,95.3,2017-18
09,CAPE MAY,5340,UPPER TWP,94.5,2017-18
09,CAPE MAY,5610,WEST CAPE MAY BORO,97.3,2017-18
09,CAPE MAY,5790,WILDWOOD CITY,94.4,2017-18
09,CAPE MAY,5800,WILDWOOD CREST BORO,92.8,2017-18
09,CAPE MAY,5840,WOODBINE BORO,89.5,2017-18
11,CUMBERLAND,0540,BRIDGETON CITY,86.5,2017-18
11,CUMBERLAND,0950,COMMERCIAL TWP,95.2,2017-18
11,CUMBERLAND,0995,CUMBERLAND CO VOCATIONAL,94.2,2017-18
11,CUMBERLAND,0997,CUMBERLAND REGIONAL,98.3,2017-18
11,CUMBERLAND,1020,DEERFIELD TWP,94.3,2017-18
11,CUMBERLAND,1120,DOWNE TWP,97.5,2017-18
11,CUMBERLAND,1460,FAIRFIELD TWP,92.7,2017-18
11,CUMBERLAND,1820,GREENWICH TWP,96.3,2017-18
11,CUMBERLAND,2270,HOPEWELL TWP,95.8,2017-18
11,CUMBERLAND,2570,LAWRENCE TWP,95.7,2017-18
11,CUMBERLAND,3050,MAURICE RIVER TWP,87.0,2017-18
11,CUMBERLAND,3230,MILLVILLE CITY,94.2,2017-18
11,CUMBERLAND,5070,STOW CREEK TWP,94.8,2017-18
11,CUMBERLAND,5300,UPPER DEERFIELD TWP,96.0,2017-18
11,CUMBERLAND,5390,VINELAND CITY,87.5,2017-18
13,ESSEX,0250,BELLEVILLE TOWN,95.8,2017-18
13,ESSEX,0410,BLOOMFIELD TWP,94.5,2017-18
13,ESSEX,0660,CALDWELL-WEST CALDWELL,97.4,2017-18
13,ESSEX,0760,CEDAR GROVE TWP,98.2,2017-18
13,ESSEX,1210,EAST ORANGE,92.7,2017-18
13,ESSEX,1387,ESSEX CO ED SERV COMM,93.6,2017-18
13,ESSEX,1390,ESSEX CO VOC-TECH,97.2,2017-18
13,ESSEX,1400,ESSEX FELLS BORO,98.2,2017-18
13,ESSEX,1465,FAIRFIELD TWP,97.5,2017-18
13,ESSEX,1750,GLEN RIDGE BORO,97.6,2017-18
13,ESSEX,2330,IRVINGTON TOWNSHIP,99.0,2017-18
13,ESSEX,2730,LIVINGSTON TWP,97.4,2017-18
13,ESSEX,3190,MILLBURN TWP,97.0,2017-18
13,ESSEX,3310,MONTCLAIR TOWN,97.8,2017-18
13,ESSEX,3570,NEWARK CITY,93.8,2017-18
13,ESSEX,3630,NORTH CALDWELL BORO,97.1,2017-18
13,ESSEX,3750,NUTLEY TOWN,96.4,2017-18
13,ESSEX,3880,CITY OF ORANGE TWP,97.7,2017-18
13,ESSEX,4530,ROSELAND BORO,97.5,2017-18
13,ESSEX,4900,SOUTH ORANGE-MAPLEWOOD,97.4,2017-18
13,ESSEX,5370,VERONA BORO,95.8,2017-18
13,ESSEX,5630,WEST ESSEX REGIONAL,95.6,2017-18
13,ESSEX,5680,WEST ORANGE TOWN,97.4,2017-18
15,GLOUCESTER,0860,CLAYTON BORO,93.3,2017-18
15,GLOUCESTER,0870,CLEARVIEW REGIONAL,96.6,2017-18
15,GLOUCESTER,1100,DEPTFORD TWP,94.7,2017-18
15,GLOUCESTER,1180,EAST GREENWICH TWP,96.8,2017-18
15,GLOUCESTER,1330,ELK TWP,93.1,2017-18
15,GLOUCESTER,1590,FRANKLIN TWP,98.9,2017-18
15,GLOUCESTER,1715,GATEWAY REGIONAL,96.2,2017-18
15,GLOUCESTER,1730,GLASSBORO,93.7,2017-18
15,GLOUCESTER,1774,GLOUCESTER CO SPEC SERV,96.0,2017-18
15,GLOUCESTER,1775,GLOUCESTER CO VOCATIONAL,99.4,2017-18
15,GLOUCESTER,1830,GREENWICH TWP,90.3,2017-18
15,GLOUCESTER,2070,HARRISON TWP,90.9,2017-18
15,GLOUCESTER,2440,KINGSWAY REGIONAL,98.1,2017-18
15,GLOUCESTER,2750,LOGAN TWP,98.1,2017-18
15,GLOUCESTER,2990,MANTUA TWP,95.4,2017-18
15,GLOUCESTER,3280,MONROE TWP,94.3,2017-18
15,GLOUCESTER,3490,NATIONAL PARK BORO,95.8,2017-18
15,GLOUCESTER,4020,PAULSBORO BORO,95.4,2017-18
15,GLOUCESTER,4140,PITMAN BORO,94.0,2017-18
15,GLOUCESTER,4880,SOUTH HARRISON TWP,96.7,2017-18
15,GLOUCESTER,4940,DELSEA REGIONAL H.S DIST.,96.5,2017-18
15,GLOUCESTER,5120,SWEDESBORO-WOOLWICH,97.2,2017-18
15,GLOUCESTER,5500,WASHINGTON TWP,95.3,2017-18
15,GLOUCESTER,5590,WENONAH BORO,97.4,2017-18
15,GLOUCESTER,5620,WEST DEPTFORD TWP,93.1,2017-18
15,GLOUCESTER,5740,WESTVILLE BORO,97.1,2017-18
15,GLOUCESTER,5860,WOODBURY CITY,99.5,2017-18
15,GLOUCESTER,5870,WOODBURY HEIGHTS BORO,96.5,2017-18
17,HUDSON,0220,BAYONNE CITY,97.0,2017-18
17,HUDSON,1200,EAST NEWARK BORO,96.6,2017-18
17,HUDSON,1850,GUTTENBERG TOWN,9999999.0,2017-18
17,HUDSON,2060,HARRISON TOWN,96.5,2017-18
17,HUDSON,2210,HOBOKEN CITY,97.2,2017-18
17,HUDSON,2295,HUDSON COUNTY VOCATIONAL,97.9,2017-18
17,HUDSON,2390,JERSEY CITY,95.6,2017-18
17,HUDSON,2410,KEARNY TOWN,98.0,2017-18
17,HUDSON,3610,NORTH BERGEN TWP,96.1,2017-18
17,HUDSON,4730,SECAUCUS TOWN,98.3,2017-18
17,HUDSON,5240,UNION CITY,92.8,2017-18
17,HUDSON,5580,WEEHAWKEN TWP,96.6,2017-18
17,HUDSON,5670,WEST NEW YORK TOWN,96.9,2017-18
19,HUNTERDON,0020,ALEXANDRIA TWP,96.4,2017-18
19,HUNTERDON,0370,BETHLEHEM TWP,97.5,2017-18
19,HUNTERDON,0430,BLOOMSBURY BORO,98.3,2017-18
19,HUNTERDON,0670,CALIFON BORO,97.0,2017-18
19,HUNTERDON,0910,CLINTON TOWN,100.0,2017-18
19,HUNTERDON,0920,CLINTON TWP,96.6,2017-18
19,HUNTERDON,1040,DELAWARE TWP,96.4,2017-18
19,HUNTERDON,1050,DELAWARE VALLEY REGIONAL,97.7,2017-18
19,HUNTERDON,1160,EAST AMWELL TWP,96.9,2017-18
19,HUNTERDON,1376,SOUTH HUNTERDON REGIONAL SCHOOL DISTRICT,97.2,2017-18
19,HUNTERDON,1510,FLEMINGTON-RARITAN REG,96.2,2017-18
19,HUNTERDON,1600,FRANKLIN TWP,97.0,2017-18
19,HUNTERDON,1680,FRENCHTOWN BORO,94.8,2017-18
19,HUNTERDON,1970,HAMPTON BORO,89.6,2017-18
19,HUNTERDON,2140,HIGH BRIDGE BORO,96.2,2017-18
19,HUNTERDON,2220,HOLLAND TWP,95.9,2017-18
19,HUNTERDON,2300,HUNTERDON CENTRAL REG,96.2,2017-18
19,HUNTERDON,2305,HUNTERDON CO ED SER COMM,96.6,2017-18
19,HUNTERDON,2308,HUNTERDON CO VOCATIONAL,98.9,2017-18
19,HUNTERDON,2450,KINGWOOD TWP,97.7,2017-18
19,HUNTERDON,2590,LEBANON BORO,96.3,2017-18
19,HUNTERDON,2600,LEBANON TWP,98.2,2017-18
19,HUNTERDON,3180,MILFORD BORO,97.2,2017-18
19,HUNTERDON,3660,N HUNT/VOORHEES REGIONAL,96.7,2017-18
19,HUNTERDON,4350,READINGTON TWP,95.7,2017-18
19,HUNTERDON,5180,TEWKSBURY TWP,96.7,2017-18
19,HUNTERDON,5270,UNION TWP,96.9,2017-18
21,MERCER,1245,EAST WINDSOR REGIONAL,96.5,2017-18
21,MERCER,1430,EWING TWP,96.7,2017-18
21,MERCER,1950,HAMILTON TWP,93.0,2017-18
21,MERCER,2280,HOPEWELL VALLEY REGIONAL,97.4,2017-18
21,MERCER,2580,LAWRENCE TWP,95.9,2017-18
21,MERCER,3103,MERCER CO SPECIAL SERVICE,100.0,2017-18
21,MERCER,3105,MERCER COUNTY VOCATIONAL,94.3,2017-18
21,MERCER,4255,PRINCETON REGIONAL,97.7,2017-18
21,MERCER,5210,TRENTON CITY,96.5,2017-18
21,MERCER,5510,ROBBINSVILLE TWP,97.2,2017-18
21,MERCER,5715,W WINDSOR-PLAINSBORO REG,97.4,2017-18
23,MIDDLESEX,0750,CARTERET BORO,96.5,2017-18
23,MIDDLESEX,0970,CRANBURY TWP,98.1,2017-18
23,MIDDLESEX,1140,DUNELLEN BORO,94.5,2017-18
23,MIDDLESEX,1170,EAST BRUNSWICK TWP,97.7,2017-18
23,MIDDLESEX,1290,EDISON TWP,89.9,2017-18
23,MIDDLESEX,2150,HIGHLAND PARK BORO,94.5,2017-18
23,MIDDLESEX,2370,JAMESBURG BORO,96.3,2017-18
23,MIDDLESEX,3120,METUCHEN BORO,97.6,2017-18
23,MIDDLESEX,3140,MIDDLESEX BORO,96.8,2017-18
23,MIDDLESEX,3145,MIDDLESEX CO REG SER COMM,9999999.0,2017-18
23,MIDDLESEX,3150,MIDDLESEX CO VOCATIONAL,96.3,2017-18
23,MIDDLESEX,3220,MILLTOWN BORO,96.1,2017-18
23,MIDDLESEX,3290,MONROE TWP,94.6,2017-18
23,MIDDLESEX,3530,NEW BRUNSWICK CITY,96.0,2017-18
23,MIDDLESEX,3620,NORTH BRUNSWICK TWP,95.7,2017-18
23,MIDDLESEX,3845,OLD BRIDGE TWP,97.1,2017-18
23,MIDDLESEX,4090,PERTH AMBOY CITY,97.2,2017-18
23,MIDDLESEX,4130,PISCATAWAY TWP,97.0,2017-18
23,MIDDLESEX,4660,SAYREVILLE BORO,97.5,2017-18
23,MIDDLESEX,4830,SOUTH AMBOY CITY,96.9,2017-18
23,MIDDLESEX,4860,SOUTH BRUNSWICK TWP,98.1,2017-18
23,MIDDLESEX,4910,SOUTH PLAINFIELD BORO,97.3,2017-18
23,MIDDLESEX,4920,SOUTH RIVER BORO,96.7,2017-18
23,MIDDLESEX,4970,SPOTSWOOD BORO,96.9,2017-18
23,MIDDLESEX,5850,WOODBRIDGE TWP,97.2,2017-18
25,MONMOUTH,0100,ASBURY PARK CITY,90.8,2017-18
25,MONMOUTH,0130,ATLANTIC HIGHLANDS BORO,96.4,2017-18
25,MONMOUTH,0180,AVON BORO,96.5,2017-18
25,MONMOUTH,0225,BAYSHORE JOINTURE COMM,100.0,2017-18
25,MONMOUTH,0270,BELMAR BORO,97.1,2017-18
25,MONMOUTH,0500,BRADLEY BEACH BORO,95.8,2017-18
25,MONMOUTH,0560,BRIELLE BORO,97.3,2017-18
25,MONMOUTH,0945,COLTS NECK TWP,97.7,2017-18
25,MONMOUTH,1000,DEAL BORO,96.4,2017-18
25,MONMOUTH,1260,EATONTOWN BORO,96.3,2017-18
25,MONMOUTH,1440,FAIR HAVEN BORO,98.9,2017-18
25,MONMOUTH,1490,FARMINGDALE BORO,97.4,2017-18
25,MONMOUTH,1640,FREEHOLD BORO,96.7,2017-18
25,MONMOUTH,1650,FREEHOLD REGIONAL,97.6,2017-18
25,MONMOUTH,1660,FREEHOLD TWP,96.8,2017-18
25,MONMOUTH,2105,HAZLET TWP,97.7,2017-18
25,MONMOUTH,2120,HENRY HUDSON REGIONAL,97.0,2017-18
25,MONMOUTH,2160,HIGHLANDS BORO,95.9,2017-18
25,MONMOUTH,2230,HOLMDEL TWP,97.3,2017-18
25,MONMOUTH,2290,HOWELL TWP,96.1,2017-18
25,MONMOUTH,2400,KEANSBURG BORO,91.9,2017-18
25,MONMOUTH,2430,KEYPORT BORO,93.0,2017-18
25,MONMOUTH,2720,LITTLE SILVER BORO,96.7,2017-18
25,MONMOUTH,2770,LONG BRANCH CITY,95.9,2017-18
25,MONMOUTH,2920,MANALAPAN-ENGLISHTOWN REG,97.2,2017-18
25,MONMOUTH,2930,MANASQUAN BORO,97.7,2017-18
25,MONMOUTH,3030,MARLBORO TWP,97.5,2017-18
25,MONMOUTH,3040,MATAWAN-ABERDEEN REGIONAL,97.5,2017-18
25,MONMOUTH,3160,MIDDLETOWN TWP,97.3,2017-18
25,MONMOUTH,3200,MILLSTONE TWP,96.2,2017-18
25,MONMOUTH,3250,MONMOUTH BEACH BORO,95.2,2017-18
25,MONMOUTH,3255,MONMOUTH-OCEAN ED SER COM,100.0,2017-18
25,MONMOUTH,3260,MONMOUTH CO VOCATIONAL,96.7,2017-18
25,MONMOUTH,3270,MONMOUTH REGIONAL,94.8,2017-18
25,MONMOUTH,3500,NEPTUNE CITY,94.5,2017-18
25,MONMOUTH,3510,NEPTUNE TWP,95.2,2017-18
25,MONMOUTH,3810,OCEAN TWP,96.7,2017-18
25,MONMOUTH,3830,OCEANPORT BORO,100.0,2017-18
25,MONMOUTH,4360,RED BANK BORO,98.1,2017-18
25,MONMOUTH,4365,RED BANK REGIONAL,100.0,2017-18
25,MONMOUTH,4520,ROOSEVELT BORO,94.7,2017-18
25,MONMOUTH,4570,RUMSON BORO,90.3,2017-18
25,MONMOUTH,4580,RUMSON-FAIR HAVEN REG,97.7,2017-18
25,MONMOUTH,4690,SEA GIRT BORO,93.1,2017-18
25,MONMOUTH,4760,SHORE REGIONAL,96.2,2017-18
25,MONMOUTH,4770,SHREWSBURY BORO,93.1,2017-18
25,MONMOUTH,4980,SPRING LAKE BORO,95.0,2017-18
25,MONMOUTH,4990,SPRING LAKE HEIGHTS BORO,97.0,2017-18
25,MONMOUTH,5185,TINTON FALLS,96.4,2017-18
25,MONMOUTH,5230,UNION BEACH,100.0,2017-18
25,MONMOUTH,5310,UPPER FREEHOLD REGIONAL,93.3,2017-18
25,MONMOUTH,5420,WALL TWP,94.9,2017-18
25,MONMOUTH,5640,WEST LONG BRANCH BORO,93.1,2017-18
27,MORRIS,0450,BOONTON TOWN,9999999.0,2017-18
27,MORRIS,0460,BOONTON TWP,97.5,2017-18
27,MORRIS,0630,BUTLER BORO,97.5,2017-18
27,MORRIS,0785,SCH DIST OF THE CHATHAMS,97.4,2017-18
27,MORRIS,0820,CHESTER TWP,99.0,2017-18
27,MORRIS,1090,DENVILLE TWP,97.4,2017-18
27,MORRIS,1110,DOVER TOWN,97.4,2017-18
27,MORRIS,1190,EAST HANOVER TWP,97.8,2017-18
27,MORRIS,1530,FLORHAM PARK BORO,90.9,2017-18
27,MORRIS,1990,HANOVER PARK REGIONAL,96.0,2017-18
27,MORRIS,2000,HANOVER TWP,97.8,2017-18
27,MORRIS,2010,HARDING TOWNSHIP,98.3,2017-18
27,MORRIS,2380,JEFFERSON TWP,96.6,2017-18
27,MORRIS,2460,KINNELON BORO,97.1,2017-18
27,MORRIS,2650,LINCOLN PARK BORO,96.5,2017-18
27,MORRIS,2870,MADISON BORO,93.8,2017-18
27,MORRIS,3090,MENDHAM BORO,98.6,2017-18
27,MORRIS,3100,MENDHAM TWP,97.3,2017-18
27,MORRIS,3240,MINE HILL TWP,97.4,2017-18
27,MORRIS,3340,MONTVILLE TWP,95.7,2017-18
27,MORRIS,3364,EDUC SERV COMM MORRIS CO,98.5,2017-18
27,MORRIS,3365,MORRIS COUNTY VOCATIONAL,96.8,2017-18
27,MORRIS,3370,MORRIS HILLS REGIONAL,96.7,2017-18
27,MORRIS,3380,MORRIS PLAINS BORO,97.5,2017-18
27,MORRIS,3385,MORRIS SCHOOL DISTRICT,9999999.0,2017-18
27,MORRIS,3410,MOUNT ARLINGTON BORO,95.4,2017-18
27,MORRIS,3450,MOUNT OLIVE TWP,97.0,2017-18
27,MORRIS,3460,MOUNTAIN LAKES BORO,97.5,2017-18
27,MORRIS,3520,NETCONG BORO,96.4,2017-18
27,MORRIS,3950,PARSIPPANY-TROY HILLS TWP,98.0,2017-18
27,MORRIS,4000,LONG HILL TWP,96.8,2017-18
27,MORRIS,4080,PEQUANNOCK TWP,97.6,2017-18
27,MORRIS,4330,RANDOLPH TWP,98.0,2017-18
27,MORRIS,4440,RIVERDALE BORO,96.5,2017-18
27,MORRIS,4480,ROCKAWAY BORO,96.6,2017-18
27,MORRIS,4490,ROCKAWAY TWP,97.7,2017-18
27,MORRIS,4560,ROXBURY TWP,96.5,2017-18
27,MORRIS,5520,WASHINGTON TWP,96.9,2017-18
27,MORRIS,5660,WEST MORRIS REGIONAL,97.5,2017-18
27,MORRIS,5770,WHARTON BORO,98.2,2017-18
29,OCEAN,0185,BARNEGAT TWP,96.0,2017-18
29,OCEAN,0210,BAY HEAD BORO,98.6,2017-18
29,OCEAN,0230,BEACH HAVEN BORO,95.6,2017-18
29,OCEAN,0320,BERKELEY TWP,96.5,2017-18
29,OCEAN,0530,BRICK TWP,97.0,2017-18
29,OCEAN,0770,CENTRAL REGIONAL,96.8,2017-18
29,OCEAN,1150,EAGLESWOOD TWP,95.0,2017-18
29,OCEAN,2350,ISLAND HEIGHTS BORO,94.3,2017-18
29,OCEAN,2360,JACKSON TWP,93.2,2017-18
29,OCEAN,2480,LACEY TWP,97.2,2017-18
29,OCEAN,2500,LAKEHURST BORO,96.9,2017-18
29,OCEAN,2520,LAKEWOOD TWP,96.1,2017-18
29,OCEAN,2550,LAVALLETTE BORO,95.3,2017-18
29,OCEAN,2690,LITTLE EGG HARBOR TWP,96.9,2017-18
29,OCEAN,2760,LONG BEACH ISLAND,96.6,2017-18
29,OCEAN,2940,MANCHESTER TWP,96.8,2017-18
29,OCEAN,3790,OCEAN COUNTY VOCATIONAL,96.5,2017-18
29,OCEAN,3800,OCEAN GATE BORO,97.0,2017-18
29,OCEAN,3820,OCEAN TWP,92.4,2017-18
29,OCEAN,4105,PINELANDS REGIONAL,96.3,2017-18
29,OCEAN,4190,PLUMSTED TWP,95.7,2017-18
29,OCEAN,4210,POINT PLEASANT BORO,96.8,2017-18
29,OCEAN,4220,POINT PLEASANT BEACH BORO,95.0,2017-18
29,OCEAN,4710,SEASIDE HEIGHTS BORO,96.8,2017-18
29,OCEAN,4950,SOUTHERN REGIONAL,95.6,2017-18
29,OCEAN,5020,STAFFORD TWP,95.3,2017-18
29,OCEAN,5190,TOMS RIVER REGIONAL,96.8,2017-18
29,OCEAN,5220,TUCKERTON BORO,95.4,2017-18
31,PASSAIC,0420,BLOOMINGDALE BORO,96.7,2017-18
31,PASSAIC,0900,CLIFTON CITY,96.0,2017-18
31,PASSAIC,1920,HALEDON BORO,9999999.0,2017-18
31,PASSAIC,2100,HAWTHORNE BORO,97.6,2017-18
31,PASSAIC,2510,LAKELAND REGIONAL,97.1,2017-18
31,PASSAIC,2700,LITTLE FALLS TWP,97.7,2017-18
31,PASSAIC,3640,NORTH HALEDON BORO,96.6,2017-18
31,PASSAIC,3970,PASSAIC CITY,95.7,2017-18
31,PASSAIC,3975,NORTHERN REGION EDUCATIONAL SERVICES COMMISSION,94.7,2017-18
31,PASSAIC,3980,PASSAIC CO MANCHESTER REG,92.6,2017-18
31,PASSAIC,3990,PASSAIC VALLEY REGIONAL,99.0,2017-18
31,PASSAIC,3995,PASSAIC COUNTY VOCATIONAL,96.4,2017-18
31,PASSAIC,4010,PATERSON CITY,91.7,2017-18
31,PASSAIC,4230,POMPTON LAKES BORO,98.2,2017-18
31,PASSAIC,4270,PROSPECT PARK BORO,96.2,2017-18
31,PASSAIC,4400,RINGWOOD BORO,96.5,2017-18
31,PASSAIC,5200,TOTOWA BORO,93.2,2017-18
31,PASSAIC,5440,WANAQUE BORO,97.6,2017-18
31,PASSAIC,5570,WAYNE TWP,95.7,2017-18
31,PASSAIC,5650,WEST MILFORD TWP,93.9,2017-18
31,PASSAIC,5690,WOODLAND PARK,97.4,2017-18
33,SALEM,0060,ALLOWAY TWP,95.7,2017-18
33,SALEM,1350,ELSINBORO TWP,98.4,2017-18
33,SALEM,2800,LOWER ALLOWAYS CREEK,91.5,2017-18
33,SALEM,2950,MANNINGTON TWP,95.8,2017-18
33,SALEM,3860,OLDMANS TWP,97.2,2017-18
33,SALEM,4070,PENNS GRV-CARNEY'S PT REG,96.4,2017-18
33,SALEM,4075,PENNSVILLE,96.1,2017-18
33,SALEM,4150,PITTSGROVE TWP,96.4,2017-18
33,SALEM,4280,QUINTON TWP,98.1,2017-18
33,SALEM,4630,SALEM CITY,84.3,2017-18
33,SALEM,4635,SALEM CO SPECIAL SERVICE,96.9,2017-18
33,SALEM,4640,SALEM COUNTY VOCATIONAL,97.7,2017-18
33,SALEM,5320,UPPER PITTSGROVE TWP,96.7,2017-18
33,SALEM,5910,WOODSTOWN-PILESGROVE REG,97.3,2017-18
35,SOMERSET,0240,BEDMINSTER TWP,97.5,2017-18
35,SOMERSET,0350,BERNARDS TWP,97.4,2017-18
35,SOMERSET,0490,BOUND BROOK BORO,97.3,2017-18
35,SOMERSET,0510,BRANCHBURG TWP,92.2,2017-18
35,SOMERSET,0555,BRIDGEWATER-RARITAN REG,96.9,2017-18
35,SOMERSET,1610,FRANKLIN TWP,98.4,2017-18
35,SOMERSET,1810,GREEN BROOK TWP,95.6,2017-18
35,SOMERSET,2170,HILLSBOROUGH TWP,96.6,2017-18
35,SOMERSET,3000,MANVILLE BORO,97.2,2017-18
35,SOMERSET,3320,MONTGOMERY TWP,97.9,2017-18
35,SOMERSET,3670,NORTH PLAINFIELD BORO,96.3,2017-18
35,SOMERSET,4805,SOMERSET CO ED SERV COMM,96.3,2017-18
35,SOMERSET,4810,SOMERSET CO VOCATIONAL,96.9,2017-18
35,SOMERSET,4815,SOMERSET HILLS REGIONAL,96.0,2017-18
35,SOMERSET,4820,SOMERVILLE BORO,96.3,2017-18
35,SOMERSET,4850,SOUTH BOUND BROOK,96.7,2017-18
35,SOMERSET,5470,WARREN TWP,97.1,2017-18
35,SOMERSET,5540,WATCHUNG BORO,98.1,2017-18
35,SOMERSET,5550,WATCHUNG HILLS REGIONAL,98.2,2017-18
37,SUSSEX,0090,ANDOVER REG,95.1,2017-18
37,SUSSEX,0640,BYRAM TWP,97.8,2017-18
37,SUSSEX,1560,FRANKFORD TWP,98.1,2017-18
37,SUSSEX,1570,FRANKLIN BORO,97.1,2017-18
37,SUSSEX,1630,FREDON TWP,96.5,2017-18
37,SUSSEX,1800,GREEN TWP,96.1,2017-18
37,SUSSEX,1930,HAMBURG BORO,96.8,2017-18
37,SUSSEX,1980,HAMPTON TWP,98.4,2017-18
37,SUSSEX,2030,HARDYSTON TWP,96.3,2017-18
37,SUSSEX,2165,HIGH POINT REGIONAL,95.1,2017-18
37,SUSSEX,2240,HOPATCONG,93.5,2017-18
37,SUSSEX,2465,KITTATINNY REGIONAL,95.3,2017-18
37,SUSSEX,2490,LAFAYETTE TWP,95.7,2017-18
37,SUSSEX,2615,LENAPE VALLEY REGIONAL,97.8,2017-18
37,SUSSEX,3300,MONTAGUE TWP,97.3,2017-18
37,SUSSEX,3590,NEWTON TOWN,95.4,2017-18
37,SUSSEX,3840,OGDENSBURG BORO,97.9,2017-18
37,SUSSEX,4650,SANDYSTON-WALPACK TWP,98.3,2017-18
37,SUSSEX,4960,SPARTA TWP,100.0,2017-18
37,SUSSEX,5030,STANHOPE BORO,97.3,2017-18
37,SUSSEX,5040,STILLWATER TWP,92.7,2017-18
37,SUSSEX,5100,SUSSEX-WANTAGE REGIONAL,90.7,2017-18
37,SUSSEX,5105,SUSSEX CO ED SERV COMM,9999999.0,2017-18
37,SUSSEX,5110,SUSSEX COUNTY VOCATIONAL,92.5,2017-18
37,SUSSEX,5360,VERNON TWP,97.1,2017-18
37,SUSSEX,5435,WALLKILL VALLEY REGIONAL,95.1,2017-18
39,UNION,0310,BERKELEY HEIGHTS TWP,96.5,2017-18
39,UNION,0850,CLARK TWP,95.3,2017-18
39,UNION,0980,CRANFORD TWP,97.2,2017-18
39,UNION,1320,ELIZABETH CITY,95.6,2017-18
39,UNION,1710,GARWOOD BORO,98.7,2017-18
39,UNION,2190,HILLSIDE TWP,96.5,2017-18
39,UNION,2420,KENILWORTH BORO,98.4,2017-18
39,UNION,2660,LINDEN CITY,96.9,2017-18
39,UNION,3395,MORRIS-UNION JOINTURE COM,96.5,2017-18
39,UNION,3470,MOUNTAINSIDE BORO,97.6,2017-18
39,UNION,3560,NEW PROVIDENCE BORO,94.1,2017-18
39,UNION,4160,PLAINFIELD CITY,95.9,2017-18
39,UNION,4290,RAHWAY CITY,96.8,2017-18
39,UNION,4540,ROSELLE BORO,90.1,2017-18
39,UNION,4550,ROSELLE PARK BORO,97.0,2017-18
39,UNION,4670,SCOTCH PLAINS-FANWOOD REG,96.9,2017-18
39,UNION,5000,SPRINGFIELD TWP,96.6,2017-18
39,UNION,5090,SUMMIT CITY,96.5,2017-18
39,UNION,5245,UNION CO ED SERV COMM,96.3,2017-18
39,UNION,5260,UNION COUNTY VOCATIONAL,97.5,2017-18
39,UNION,5290,UNION TWP,95.3,2017-18
39,UNION,5730,WESTFIELD TOWN,97.4,2017-18
39,UNION,5810,WINFIELD TWP,98.2,2017-18
41,WARREN,0030,ALLAMUCHY TWP,99.4,2017-18
41,WARREN,0070,ALPHA BORO,95.9,2017-18
41,WARREN,0280,BELVIDERE TOWN,97.0,2017-18
41,WARREN,0400,BLAIRSTOWN TWP,97.0,2017-18
41,WARREN,1620,FRANKLIN TWP,95.7,2017-18
41,WARREN,1670,FRELINGHUYSEN TWP,98.1,2017-18
41,WARREN,1785,GREAT MEADOWS REGIONAL,97.2,2017-18
41,WARREN,1840,GREENWICH TWP,97.2,2017-18
41,WARREN,1870,HACKETTSTOWN,93.0,2017-18
41,WARREN,2040,HARMONY TWP,97.2,2017-18
41,WARREN,2250,HOPE TWP,97.8,2017-18
41,WARREN,2470,KNOWLTON TWP,95.6,2017-18
41,WARREN,2790,LOPATCONG TWP,95.1,2017-18
41,WARREN,2970,MANSFIELD TWP,92.7,2017-18
41,WARREN,3675,NORTH WARREN REGIONAL,96.4,2017-18
41,WARREN,3890,OXFORD TWP,98.5,2017-18
41,WARREN,4100,PHILLIPSBURG TOWN,96.8,2017-18
41,WARREN,4200,POHATCONG TWP,97.4,2017-18
41,WARREN,5450,WARREN CO SPECIAL SERVICE,100.0,2017-18
41,WARREN,5460,WARREN COUNTY VOCATIONAL,89.0,2017-18
41,WARREN,5465,WARREN HILLS REGIONAL,96.6,2017-18
41,WARREN,5480,WASHINGTON BORO,98.1,2017-18
41,WARREN,5530,WASHINGTON TWP,95.0,2017-18
41,WARREN,5780,WHITE TWP,95.5,2017-18
80,CHARTERS,6010,ACADEMY CHARTER HIGH SCHOOL,97.4,2017-18
80,CHARTERS,6013,BERGEN ARTS AND SCIENCES CHARTER SCHOOL,96.5,2017-18
80,CHARTERS,6017,FOUNDATION ACADEMY CS,97.7,2017-18
80,CHARTERS,6018,CENTRAL JERSEY COLLEGE PREP CHARTER SCHOOL,93.1,2017-18
80,CHARTERS,6020,PRIDE ACADEMY CHARTER SCHOOL,98.5,2017-18
80,CHARTERS,6021,COMMUNITY CHARTER SCHOOL OF PATERSO,98.5,2017-18
80,CHARTERS,6022,BURCH CHARTER SCHOOL OF EXCELLENCE,94.0,2017-18
80,CHARTERS,6025,PAUL ROBESON HUMANITIES  CHARTER SCHOOL,96.7,2017-18
80,CHARTERS,6026,RIVERBANK CHARTER SCHOOL OF EXCELLE,99.3,2017-18
80,CHARTERS,6028,VINELAND PUBLIC CHARTER SCHOOL,99.7,2017-18
80,CHARTERS,6029,NEWARK EDUCATORS COMMUNITY CHARTER SCHOOL,92.2,2017-18
80,CHARTERS,6030,THE ETHICAL COMMUNITY CHARTER SCHOOL,94.7,2017-18
80,CHARTERS,6032,ACADEMY FOR URBAN LEADERSHIP CHARTER SCHOOL,100.0,2017-18
80,CHARTERS,6033,THE BARACK OBAMA GREEN CHARTER HIGH SCHOOL,97.1,2017-18
80,CHARTERS,6036,HOLA HOBOKEN DUAL LANG CS,92.3,2017-18
80,CHARTERS,6041,HATIKVAH INTERNATIONAL CS,91.7,2017-18
80,CHARTERS,6053,GREAT OAKS LEGACY CHARTER SCHOOL,97.2,2017-18
80,CHARTERS,6057,PEOPLES PREPARATORY CHARTER SCHOOL,97.0,2017-18
80,CHARTERS,6058,ROSEVILLE COMMUNITY CS,96.4,2017-18
80,CHARTERS,6060,ATLANTIC COMMUNITY CHARTER SCHOOL,92.5,2017-18
80,CHARTERS,6064,DR LENA EDWARDS ACADEMIC CHARTER SCHOOL,77.5,2017-18
80,CHARTERS,6067,KINGDOM CS OF LEADERSHIP,98.5,2017-18
80,CHARTERS,6068,M E T S CHARTER SCHOOL,96.2,2017-18
80,CHARTERS,6069,MILLVILLE PUBLIC CHARTER SCHOOL,100.0,2017-18
80,CHARTERS,6076,BENJAMIN BANNEKER PREP CS,95.5,2017-18
80,CHARTERS,6079,JOHN P HOLLAND CHARTER SCHOOL,96.2,2017-18
80,CHARTERS,6080,PASSAIC ARTS AND SCIENCE CHARTER SCHOOL,96.6,2017-18
80,CHARTERS,6081,THOMAS EDISON ENERGYSMART CHARTER SCHOOL,95.3,2017-18
80,CHARTERS,6082,BELOVED COMMUNITY CHARTER SCHOOL,96.3,2017-18
80,CHARTERS,6086,HOPE COMMUNITY CS,97.4,2017-18
80,CHARTERS,6089,COMPASS ACADEMY CS,97.2,2017-18
80,CHARTERS,6093,JERSEY CITY GLOBAL CS,11.0,2017-18
80,CHARTERS,6094,PHILLIP'S ACADEMY CHARTER SCHOOL,88.9,2017-18
80,CHARTERS,6096,PATERSON ARTS AND SCIENCE CHARTER SCHOOL,95.6,2017-18
80,CHARTERS,6099,LINK COMMUNITY CHARTER SCHOOL,95.6,2017-18
80,CHARTERS,6100,BRIDGETON PUBLIC CHARTER SCHOOL,99.4,2017-18
80,CHARTERS,6101,COLLEGE ACHIEVE CENTRAL CHARTER SCHOOL,92.9,2017-18
80,CHARTERS,6102,CRESTHAVEN ACADEMY CHARTER SCHOOL,95.3,2017-18
80,CHARTERS,6103,EMPOWERMENT ACADEMY CHARTER SCHOOL,96.9,2017-18
80,CHARTERS,6104,INTERNATIONAL ACADEMY OF ATLANTIC CITY CHARTER SCHOOL,92.0,2017-18
80,CHARTERS,6105,HUDSON ARTS AND SCIENCE  CHARTER SCHOOL,96.6,2017-18
80,CHARTERS,6106,PHILIP’S CHARTER SCHOOL OF PATERSON,97.8,2017-18
80,CHARTERS,6107,CAMDEN’S PROMISE CHARTER SCHOOL,94.0,2017-18
80,CHARTERS,6109,LEAD CHARTER SCHOOL,95.5,2017-18
80,CHARTERS,6110,ACHIEVE COMMUNITY CHARTER SCHOOL,99.8,2017-18
80,CHARTERS,6182,INTERNATIONAL ACADEMY OF TRENTON CHARTER SCHOOL,9999999.0,2017-18
80,CHARTERS,6183,TRENTON STEM-TO-CIVICS CS,97.5,2017-18
80,CHARTERS,6184,GREAT FUTURES CHARTER SCHOOL,9999999.0,2017-18
80,CHARTERS,6230,CLASSICAL ACADEMY CHARTER SCHOOL ,100.0,2017-18
80,CHARTERS,6232,ENVIRONMENT COMMUNITY CS,97.5,2017-18
80,CHARTERS,6240,FREEDOM PREP CHARTER SCHOOL,96.9,2017-18
80,CHARTERS,6320,DISCOVERY CS,100.0,2017-18
80,CHARTERS,6410,EAST ORANGE COMMUNITY CS,3.3,2017-18
80,CHARTERS,6420,ELYSIAN CS OF HOBOKEN,95.8,2017-18
80,CHARTERS,6430,ENGLEWOOD ON THE PALISADES CHARTER SCHOOL,95.2,2017-18
80,CHARTERS,6635,GREATER BRUNSWICK CS,96.2,2017-18
80,CHARTERS,6665,GRAY CS,97.3,2017-18
80,CHARTERS,6720,HOBOKEN CS,95.8,2017-18
80,CHARTERS,6740,HOPE ACADEMY CS,96.9,2017-18
80,CHARTERS,6810,INTERNATIONAL CHARTER SCHOOL ,95.4,2017-18
80,CHARTERS,6910,JERSEY CITY COMM. CS,97.1,2017-18
80,CHARTERS,6915,JERSEY CITY GOLDEN DOOR CHARTER SCHOOL,92.5,2017-18
80,CHARTERS,7100,LADY LIBERTY ACADEMY CS,9999999.0,2017-18
80,CHARTERS,7109,LEAP ACADEMY UNIVERSITY CS,97.4,2017-18
80,CHARTERS,7115,LEARNING COMMUNITY CS,96.4,2017-18
80,CHARTERS,7210,MARION P. THOMAS CS,93.5,2017-18
80,CHARTERS,7290,NEW HORIZONS COMM. CS,95.2,2017-18
80,CHARTERS,7320,NORTH STAR ACADEMY CHARTER SCHOOL,97.9,2017-18
80,CHARTERS,7325,TEAM ACADEMY CHARTER SCHOOL,98.1,2017-18
80,CHARTERS,7410,CHARTER~TECH HIGH SCHOOL,97.0,2017-18
80,CHARTERS,7500,PACE CS OF HAMILTON,3.9,2017-18
80,CHARTERS,7503,PATERSON CS FOR SCI/TECH,96.8,2017-18
80,CHARTERS,7540,PRINCETON CS,97.9,2017-18
80,CHARTERS,7600,QUEEN CITY ACADEMY CS,93.5,2017-18
80,CHARTERS,7720,THE RED BANK CS,97.2,2017-18
80,CHARTERS,7727,RIDGE AND VALLEY CS,97.2,2017-18
80,CHARTERS,7730,ROBERT TREAT ACADEMY CS,97.8,2017-18
80,CHARTERS,7735,MARIA L. VARISCO-ROGERS CS,96.8,2017-18
80,CHARTERS,7830,SOARING HEIGHTS CS,93.1,2017-18
80,CHARTERS,7850,SUSSEX COUNTY TECHNOLOGY CHARTER SCHOOL ,98.7,2017-18
80,CHARTERS,7890,TEANECK COMMUNITY CS,95.8,2017-18
80,CHARTERS,7891,COLLEGE ACHIEVE GREATER ASBURY PARK CHARTER SCHOOL,94.8,2017-18
80,CHARTERS,7892,COLLEGE ACHIEVE PATERSON CHARTER SCHOOL,96.4,2017-18
80,CHARTERS,7893,OCEAN ACADEMY CHARTER SCHOOL,100.0,2017-18
80,CHARTERS,8010,UNION COUNTY TEAMS CS,97.3,2017-18
80,CHARTERS,8050,UNITY CS,95.2,2017-18
80,CHARTERS,8060,UNIVERSITY ACADEMY CS,94.5,2017-18
80,CHARTERS,8065,UNIVERSITY HEIGHTS CS,91.8,2017-18
80,CHARTERS,8140,VILLAGE CS,96.8,2017-18
State,State,State,State,95.5,2017-18
