CountyCode,CountyName,DistrictCode,DistrictName,Student_Teacher_District,Student_Admin_District,Teacher_Admin_District,Student_Librarian_District,Student_Nurse_District,Student_Counselor_District,Student_ChildStudy_District,Year
01,ATLANTIC,0010,ABSECON CITY,13:1,174:1,14:1,868:1,868:1,868:1,434:1,2017-18
01,ATLANTIC,0110,ATLANTIC CITY,11:1,224:1,21:1,992:1,631:1,347:1,434:1,2017-18
01,ATLANTIC,0120,ATLANTIC CO VOCATIONAL,12:1,177:1,15:1,1591:1,530:1,227:1,796:1,2017-18
01,ATLANTIC,0125,ATLANTIC CO SPECIAL SERV,6:1,50:1,8:1,NA,117:1,NA,39:1,2017-18
01,ATLANTIC,0570,BRIGANTINE CITY,8:1,96:1,11:1,NA,287:1,287:1,144:1,2017-18
01,ATLANTIC,0590,BUENA REGIONAL,12:1,156:1,14:1,1721:1,344:1,246:1,287:1,2017-18
01,ATLANTIC,1300,EGG HARBOR CITY,11:1,137:1,12:1,NA,274:1,274:1,182:1,2017-18
01,ATLANTIC,1310,EGG HARBOR TWP,12:1,190:1,15:1,822:1,569:1,336:1,285:1,2017-18
01,ATLANTIC,1410,ESTELL MANOR CITY,11:1,61:1,5:1,NA,183:1,183:1,183:1,2017-18
01,ATLANTIC,1540,FOLSOM BORO,10:1,132:1,13:1,396:1,396:1,396:1,132:1,2017-18
01,ATLANTIC,1690,GALLOWAY TWP,11:1,197:1,18:1,669:1,557:1,557:1,209:1,2017-18
01,ATLANTIC,1790,GREATER EGG HARBOR REG,11:1,102:1,9:1,1533:1,1022:1,219:1,383:1,2017-18
01,ATLANTIC,1940,HAMILTON TWP,12:1,205:1,17:1,770:1,1027:1,514:1,308:1,2017-18
01,ATLANTIC,1960,HAMMONTON TOWN,14:1,185:1,13:1,1754:1,877:1,438:1,390:1,2017-18
01,ATLANTIC,2680,LINWOOD CITY,11:1,138:1,12:1,NA,413:1,413:1,206:1,2017-18
01,ATLANTIC,2910,MAINLAND REGIONAL,11:1,124:1,11:1,1243:1,622:1,207:1,249:1,2017-18
01,ATLANTIC,3020,MARGATE CITY,7:1,73:1,10:1,364:1,182:1,NA,121:1,2017-18
01,ATLANTIC,3480,MULLICA TWP,13:1,145:1,11:1,NA,363:1,363:1,363:1,2017-18
01,ATLANTIC,3720,NORTHFIELD CITY,10:1,181:1,18:1,905:1,453:1,453:1,302:1,2017-18
01,ATLANTIC,4180,PLEASANTVILLE CITY,11:1,153:1,14:1,736:1,460:1,334:1,194:1,2017-18
01,ATLANTIC,4240,PORT REPUBLIC CITY,8:1,115:1,14:1,NA,NA,NA,NA,2017-18
01,ATLANTIC,4800,SOMERS POINT CITY,9:1,131:1,15:1,NA,306:1,306:1,229:1,2017-18
01,ATLANTIC,5350,VENTNOR CITY,10:1,114:1,12:1,682:1,682:1,341:1,227:1,2017-18
01,ATLANTIC,5760,WEYMOUTH TWP,8:1,52:1,7:1,NA,156:1,NA,156:1,2017-18
03,BERGEN,0040,ALLENDALE BORO,12:1,151:1,13:1,906:1,453:1,906:1,302:1,2017-18
03,BERGEN,0080,ALPINE BORO,6:1,37:1,6:1,148:1,148:1,NA,NA,2017-18
03,BERGEN,0285,BERGEN CO SPECIAL SERVICE,3:1,41:1,13:1,NA,116:1,348:1,27:1,2017-18
03,BERGEN,0290,BERGEN COUNTY VOCATIONAL,10:1,103:1,10:1,NA,757:1,162:1,252:1,2017-18
03,BERGEN,0300,BERGENFIELD BORO,13:1,188:1,15:1,1791:1,512:1,358:1,239:1,2017-18
03,BERGEN,0440,BOGOTA BORO,12:1,159:1,14:1,556:1,370:1,370:1,159:1,2017-18
03,BERGEN,0740,CARLSTADT BORO,12:1,109:1,9:1,544:1,544:1,544:1,272:1,2017-18
03,BERGEN,0745,CARLSTADT-EAST RUTHERFORD,11:1,67:1,6:1,468:1,468:1,468:1,NA,2017-18
03,BERGEN,0890,CLIFFSIDE PARK BORO,13:1,208:1,16:1,1039:1,623:1,390:1,390:1,2017-18
03,BERGEN,0930,CLOSTER BORO,12:1,168:1,14:1,589:1,589:1,589:1,294:1,2017-18
03,BERGEN,0990,CRESSKILL BORO,13:1,142:1,11:1,1847:1,1847:1,462:1,231:1,2017-18
03,BERGEN,1070,DEMAREST BORO,9:1,115:1,12:1,692:1,346:1,231:1,231:1,2017-18
03,BERGEN,1130,DUMONT BORO,12:1,138:1,12:1,1245:1,498:1,415:1,277:1,2017-18
03,BERGEN,1230,EAST RUTHERFORD BORO,11:1,162:1,15:1,809:1,405:1,809:1,202:1,2017-18
03,BERGEN,1270,EDGEWATER BORO,14:1,160:1,12:1,480:1,480:1,960:1,320:1,2017-18
03,BERGEN,1345,ELMWOOD PARK,14:1,235:1,17:1,1292:1,517:1,646:1,431:1,2017-18
03,BERGEN,1360,EMERSON BORO,10:1,92:1,9:1,1010:1,1010:1,505:1,253:1,2017-18
03,BERGEN,1370,ENGLEWOOD CITY,11:1,132:1,12:1,3031:1,606:1,303:1,178:1,2017-18
03,BERGEN,1380,ENGLEWOOD CLIFFS BORO,8:1,98:1,12:1,490:1,245:1,490:1,245:1,2017-18
03,BERGEN,1450,FAIR LAWN BORO,12:1,184:1,16:1,1241:1,552:1,414:1,216:1,2017-18
03,BERGEN,1470,FAIRVIEW BORO,16:1,160:1,10:1,1436:1,718:1,1436:1,287:1,2017-18
03,BERGEN,1550,FORT LEE BORO,13:1,188:1,14:1,657:1,657:1,358:1,263:1,2017-18
03,BERGEN,1580,FRANKLIN LAKES BORO,8:1,127:1,16:1,382:1,287:1,191:1,164:1,2017-18
03,BERGEN,1700,GARFIELD CITY,11:1,128:1,12:1,4860:1,694:1,405:1,221:1,2017-18
03,BERGEN,1760,GLEN ROCK BORO,12:1,168:1,14:1,631:1,631:1,281:1,253:1,2017-18
03,BERGEN,1860,HACKENSACK CITY,14:1,173:1,13:1,952:1,571:1,519:1,212:1,2017-18
03,BERGEN,2050,HARRINGTON PARK BORO,12:1,153:1,13:1,307:1,613:1,204:1,153:1,2017-18
03,BERGEN,2080,HASBROUCK HEIGHTS BORO,13:1,180:1,14:1,900:1,450:1,360:1,300:1,2017-18
03,BERGEN,2090,HAWORTH BORO,10:1,104:1,11:1,NA,415:1,415:1,138:1,2017-18
03,BERGEN,2180,HILLSDALE BORO,10:1,144:1,15:1,577:1,385:1,289:1,192:1,2017-18
03,BERGEN,2200,HO HO KUS BORO,12:1,121:1,10:1,604:1,604:1,NA,151:1,2017-18
03,BERGEN,2620,LEONIA BORO,11:1,111:1,10:1,1894:1,631:1,316:1,237:1,2017-18
03,BERGEN,2710,LITTLE FERRY BORO,12:1,153:1,13:1,NA,458:1,NA,183:1,2017-18
03,BERGEN,2740,LODI BOROUGH,13:1,118:1,9:1,513:1,1026:1,342:1,385:1,2017-18
03,BERGEN,2860,LYNDHURST TWP,12:1,114:1,9:1,NA,359:1,252:1,252:1,2017-18
03,BERGEN,2900,MAHWAH TWP,10:1,120:1,12:1,718:1,1436:1,410:1,205:1,2017-18
03,BERGEN,3060,MAYWOOD BORO,13:1,198:1,15:1,989:1,495:1,495:1,495:1,2017-18
03,BERGEN,3170,MIDLAND PARK BORO,9:1,94:1,11:1,314:1,314:1,314:1,189:1,2017-18
03,BERGEN,3330,MONTVALE BORO,11:1,125:1,11:1,1000:1,500:1,1000:1,333:1,2017-18
03,BERGEN,3350,MOONACHIE BORO,11:1,107:1,9:1,321:1,321:1,NA,NA,2017-18
03,BERGEN,3550,NEW MILFORD BORO,12:1,144:1,12:1,1007:1,671:1,288:1,201:1,2017-18
03,BERGEN,3600,NORTH ARLINGTON BORO,13:1,118:1,9:1,1775:1,887:1,444:1,296:1,2017-18
03,BERGEN,3700,NORTHERN HIGHLANDS REG,12:1,91:1,8:1,1359:1,1359:1,227:1,272:1,2017-18
03,BERGEN,3710,NORTHERN VALLEY REGIONAL,10:1,95:1,9:1,1238:1,619:1,190:1,225:1,2017-18
03,BERGEN,3730,NORTHVALE BORO,11:1,129:1,12:1,517:1,517:1,259:1,172:1,2017-18
03,BERGEN,3740,NORWOOD BORO,12:1,100:1,8:1,599:1,599:1,599:1,200:1,2017-18
03,BERGEN,3760,OAKLAND BORO,10:1,126:1,12:1,347:1,347:1,277:1,231:1,2017-18
03,BERGEN,3850,OLD TAPPAN BORO,10:1,94:1,9:1,330:1,330:1,660:1,220:1,2017-18
03,BERGEN,3870,ORADELL BORO,12:1,123:1,11:1,738:1,738:1,738:1,246:1,2017-18
03,BERGEN,3910,PALISADES PARK,NA,NA,N,NA,NA,NA,NA,2017-18
03,BERGEN,3930,PARAMUS BORO,11:1,145:1,13:1,539:1,472:1,290:1,252:1,2017-18
03,BERGEN,3940,PARK RIDGE BORO,10:1,75:1,8:1,603:1,402:1,402:1,151:1,2017-18
03,BERGEN,3960,PASCACK VALLEY REGIONAL,11:1,97:1,8:1,2037:1,679:1,170:1,185:1,2017-18
03,BERGEN,4300,RAMAPO-INDIAN HILL REG,10:1,81:1,8:1,1136:1,568:1,207:1,325:1,2017-18
03,BERGEN,4310,RAMSEY BORO,11:1,139:1,13:1,696:1,556:1,309:1,199:1,2017-18
03,BERGEN,4370,RIDGEFIELD BORO,10:1,111:1,11:1,1668:1,417:1,556:1,238:1,2017-18
03,BERGEN,4380,RIDGEFIELD PARK TWP,14:1,156:1,11:1,1167:1,467:1,333:1,389:1,2017-18
03,BERGEN,4390,RIDGEWOOD VILLAGE,13:1,184:1,14:1,632:1,632:1,438:1,228:1,2017-18
03,BERGEN,4405,RIVER DELL REGIONAL,12:1,124:1,10:1,807:1,807:1,202:1,323:1,2017-18
03,BERGEN,4410,RIVER EDGE BORO,12:1,121:1,10:1,NA,1208:1,1208:1,242:1,2017-18
03,BERGEN,4430,RIVER VALE TWP,12:1,143:1,12:1,572:1,381:1,381:1,229:1,2017-18
03,BERGEN,4470,ROCHELLE PARK TWP,10:1,163:1,16:1,490:1,490:1,245:1,163:1,2017-18
03,BERGEN,4600,RUTHERFORD BORO,12:1,137:1,11:1,649:1,433:1,433:1,260:1,2017-18
03,BERGEN,4610,SADDLE BROOK TWP,12:1,143:1,12:1,860:1,344:1,287:1,215:1,2017-18
03,BERGEN,4620,SADDLE RIVER BORO,8:1,39:1,5:1,154:1,154:1,NA,NA,2017-18
03,BERGEN,4845,SOUTH BERGEN JOINTURE COM,6:1,39:1,7:1,NA,118:1,NA,51:1,2017-18
03,BERGEN,4870,SOUTH HACKENSACK TWP,12:1,74:1,6:1,294:1,NA,NA,147:1,2017-18
03,BERGEN,5150,TEANECK TWP,10:1,133:1,13:1,1198:1,513:1,327:1,180:1,2017-18
03,BERGEN,5160,TENAFLY BORO,12:1,143:1,12:1,618:1,927:1,285:1,285:1,2017-18
03,BERGEN,5330,UPPER SADDLE RIVER BORO,11:1,117:1,11:1,585:1,1170:1,293:1,234:1,2017-18
03,BERGEN,5410,WALDWICK BORO,10:1,113:1,11:1,794:1,529:1,529:1,198:1,2017-18
03,BERGEN,5430,WALLINGTON BORO,13:1,104:1,8:1,626:1,417:1,313:1,626:1,2017-18
03,BERGEN,5755,WESTWOOD REGIONAL,11:1,148:1,13:1,702:1,401:1,216:1,234:1,2017-18
03,BERGEN,5830,WOOD-RIDGE BORO,13:1,156:1,12:1,1248:1,416:1,1248:1,312:1,2017-18
03,BERGEN,5880,WOODCLIFF LAKE BORO,9:1,124:1,14:1,371:1,371:1,371:1,247:1,2017-18
03,BERGEN,5920,WYCKOFF TWP,11:1,165:1,15:1,494:1,395:1,NA,152:1,2017-18
05,BURLINGTON,0200,BASS RIVER TWP,7:1,110:1,15:1,NA,110:1,NA,110:1,2017-18
05,BURLINGTON,0380,BEVERLY CITY,11:1,49:1,5:1,NA,296:1,NA,99:1,2017-18
05,BURLINGTON,0475,BORDENTOWN REGIONAL,13:1,166:1,12:1,621:1,414:1,310:1,207:1,2017-18
05,BURLINGTON,0600,BURLINGTON CITY,9:1,103:1,11:1,549:1,329:1,206:1,165:1,2017-18
05,BURLINGTON,0605,BURLINGTON CO SPEC SERV,4:1,36:1,8:1,NA,80:1,643:1,29:1,2017-18
05,BURLINGTON,0610,BURLINGTON CO VOCATIONAL,13:1,141:1,11:1,985:1,985:1,219:1,328:1,2017-18
05,BURLINGTON,0620,BURLINGTON TWP,12:1,184:1,16:1,1931:1,772:1,322:1,429:1,2017-18
05,BURLINGTON,0830,CHESTERFIELD TWP,13:1,152:1,12:1,761:1,381:1,761:1,254:1,2017-18
05,BURLINGTON,0840,CINNAMINSON TWP,11:1,109:1,10:1,NA,626:1,358:1,278:1,2017-18
05,BURLINGTON,1030,DELANCO TWP,12:1,101:1,9:1,403:1,202:1,202:1,NA,2017-18
05,BURLINGTON,1060,DELRAN TWP,12:1,164:1,13:1,739:1,739:1,369:1,422:1,2017-18
05,BURLINGTON,1250,EASTAMPTON TWP,11:1,115:1,11:1,574:1,574:1,287:1,287:1,2017-18
05,BURLINGTON,1280,EDGEWATER PARK TWP,13:1,144:1,12:1,864:1,432:1,288:1,288:1,2017-18
05,BURLINGTON,1420,EVESHAM TWP,13:1,212:1,17:1,637:1,557:1,446:1,318:1,2017-18
05,BURLINGTON,1520,FLORENCE TWP,12:1,218:1,18:1,NA,508:1,254:1,381:1,2017-18
05,BURLINGTON,1910,HAINESPORT TWP,10:1,153:1,15:1,611:1,611:1,306:1,204:1,2017-18
05,BURLINGTON,2610,LENAPE REGIONAL,11:1,164:1,14:1,671:1,610:1,197:1,319:1,2017-18
05,BURLINGTON,2850,LUMBERTON TWP,12:1,114:1,10:1,626:1,313:1,250:1,179:1,2017-18
05,BURLINGTON,2960,MANSFIELD TWP,10:1,113:1,12:1,NA,282:1,NA,282:1,2017-18
05,BURLINGTON,3010,MAPLE SHADE TWP,12:1,167:1,14:1,2170:1,543:1,271:1,241:1,2017-18
05,BURLINGTON,3070,MEDFORD LAKES BORO,12:1,177:1,15:1,531:1,266:1,266:1,531:1,2017-18
05,BURLINGTON,3080,MEDFORD TWP,13:1,181:1,14:1,388:1,388:1,302:1,272:1,2017-18
05,BURLINGTON,3360,MOORESTOWN TWP,11:1,152:1,13:1,563:1,657:1,281:1,303:1,2017-18
05,BURLINGTON,3430,MOUNT HOLLY TWP,11:1,127:1,12:1,508:1,338:1,254:1,254:1,2017-18
05,BURLINGTON,3440,MOUNT LAUREL TWP,12:1,203:1,17:1,609:1,533:1,387:1,304:1,2017-18
05,BURLINGTON,3540,NEW HANOVER TWP,7:1,59:1,9:1,NA,176:1,176:1,176:1,2017-18
05,BURLINGTON,3650,NORTH HANOVER TWP,10:1,133:1,14:1,533:1,213:1,355:1,213:1,2017-18
05,BURLINGTON,3690,NORTHERN BURLINGTON REG,13:1,155:1,12:1,1082:1,1082:1,271:1,361:1,2017-18
05,BURLINGTON,3920,PALMYRA BORO,11:1,104:1,9:1,932:1,466:1,311:1,311:1,2017-18
05,BURLINGTON,4050,PEMBERTON TWP,10:1,135:1,13:1,1570:1,362:1,277:1,214:1,2017-18
05,BURLINGTON,4320,RANCOCAS VALLEY REGIONAL,14:1,144:1,10:1,2015:1,672:1,288:1,403:1,2017-18
05,BURLINGTON,4450,RIVERSIDE TWP,12:1,139:1,12:1,1388:1,694:1,347:1,278:1,2017-18
05,BURLINGTON,4460,RIVERTON,11:1,99:1,9:1,297:1,149:1,NA,99:1,2017-18
05,BURLINGTON,4740,SHAMONG TWP,12:1,129:1,11:1,NA,387:1,387:1,258:1,2017-18
05,BURLINGTON,4930,SOUTHAMPTON TWP,10:1,79:1,8:1,NA,357:1,357:1,238:1,2017-18
05,BURLINGTON,5010,SPRINGFIELD TWP,8:1,55:1,7:1,NA,218:1,NA,218:1,2017-18
05,BURLINGTON,5130,TABERNACLE TWP,11:1,120:1,11:1,360:1,360:1,720:1,240:1,2017-18
05,BURLINGTON,5720,WESTAMPTON,13:1,202:1,16:1,505:1,505:1,505:1,1009:1,2017-18
05,BURLINGTON,5805,WILLINGBORO TWP,13:1,110:1,9:1,704:1,587:1,391:1,235:1,2017-18
05,BURLINGTON,5890,WOODLAND TWP,8:1,45:1,6:1,NA,135:1,NA,135:1,2017-18
07,CAMDEN,0150,AUDUBON BORO,11:1,138:1,12:1,760:1,506:1,253:1,217:1,2017-18
07,CAMDEN,0190,BARRINGTON BORO,10:1,122:1,13:1,610:1,305:1,610:1,305:1,2017-18
07,CAMDEN,0260,BELLMAWR BORO,14:1,123:1,9:1,1229:1,NA,615:1,615:1,2017-18
07,CAMDEN,0330,BERLIN BORO,12:1,168:1,14:1,NA,419:1,838:1,210:1,2017-18
07,CAMDEN,0340,BERLIN TWP,9:1,104:1,11:1,312:1,623:1,312:1,208:1,2017-18
07,CAMDEN,0390,BLACK HORSE PIKE REGIONAL,12:1,98:1,8:1,1148:1,1148:1,191:1,344:1,2017-18
07,CAMDEN,0580,BROOKLAWN BORO,10:1,157:1,15:1,NA,NA,NA,157:1,2017-18
07,CAMDEN,0680,CAMDEN CITY,13:1,103:1,8:1,NA,377:1,428:1,214:1,2017-18
07,CAMDEN,0700,CAMDEN COUNTY VOCATIONAL,10:1,78:1,7:1,2023:1,674:1,253:1,225:1,2017-18
07,CAMDEN,0800,CHERRY HILL TWP,13:1,233:1,18:1,576:1,521:1,281:1,353:1,2017-18
07,CAMDEN,0880,CLEMENTON BORO,9:1,91:1,10:1,457:1,229:1,457:1,152:1,2017-18
07,CAMDEN,0940,COLLINGSWOOD BORO,11:1,105:1,10:1,1988:1,331:1,497:1,249:1,2017-18
07,CAMDEN,1255,EASTERN CAMDEN COUNTY REG,14:1,150:1,11:1,1949:1,975:1,244:1,325:1,2017-18
07,CAMDEN,1720,GIBBSBORO BORO,10:1,133:1,14:1,NA,265:1,NA,88:1,2017-18
07,CAMDEN,1770,GLOUCESTER CITY,11:1,132:1,12:1,705:1,423:1,353:1,265:1,2017-18
07,CAMDEN,1780,GLOUCESTER TWP,12:1,181:1,15:1,577:1,634:1,397:1,352:1,2017-18
07,CAMDEN,1799,"KIPP: COOPER NORCROSS, A NEW JERSEY NONPROFIT CORPORATION",20:1,NA,N,NA,1121:1,NA,1121:1,2017-18
07,CAMDEN,1801,"CAMDEN PREP, INC.",18:1,191:1,10:1,NA,NA,NA,NA,2017-18
07,CAMDEN,1802,"MASTERY SCHOOLS OF CAMDEN, INC. ",14:1,186:1,13:1,NA,2042:1,NA,340:1,2017-18
07,CAMDEN,1880,HADDON HEIGHTS BORO,11:1,141:1,13:1,1410:1,201:1,353:1,282:1,2017-18
07,CAMDEN,1890,HADDON TWP,12:1,127:1,10:1,2028:1,406:1,406:1,254:1,2017-18
07,CAMDEN,1900,HADDONFIELD BORO,12:1,181:1,15:1,907:1,544:1,247:1,302:1,2017-18
07,CAMDEN,2540,LAUREL SPRINGS BORO,11:1,48:1,5:1,NA,190:1,190:1,95:1,2017-18
07,CAMDEN,2560,LAWNSIDE BORO,12:1,61:1,5:1,NA,NA,NA,307:1,2017-18
07,CAMDEN,2670,LINDENWOLD BORO,11:1,146:1,13:1,1387:1,555:1,396:1,277:1,2017-18
07,CAMDEN,2890,MAGNOLIA BORO,11:1,106:1,10:1,NA,422:1,422:1,211:1,2017-18
07,CAMDEN,3110,MERCHANTVILLE BORO,13:1,417:1,32:1,NA,417:1,NA,139:1,2017-18
07,CAMDEN,3420,MOUNT EPHRAIM BORO,11:1,137:1,13:1,NA,206:1,NA,206:1,2017-18
07,CAMDEN,3770,OAKLYN BORO,9:1,60:1,7:1,357:1,357:1,357:1,357:1,2017-18
07,CAMDEN,4060,PENNSAUKEN TWP,12:1,186:1,16:1,2324:1,516:1,357:1,273:1,2017-18
07,CAMDEN,4110,PINE HILL BORO,11:1,144:1,13:1,623:1,468:1,267:1,468:1,2017-18
07,CAMDEN,4590,RUNNEMEDE BORO,12:1,141:1,12:1,847:1,282:1,424:1,282:1,2017-18
07,CAMDEN,4790,SOMERDALE BORO,10:1,164:1,16:1,492:1,492:1,NA,164:1,2017-18
07,CAMDEN,5035,STERLING HIGH SCHOOL DIST,13:1,106:1,8:1,952:1,952:1,190:1,476:1,2017-18
07,CAMDEN,5080,STRATFORD BORO,11:1,142:1,14:1,427:1,427:1,284:1,427:1,2017-18
07,CAMDEN,5400,VOORHEES TWP,13:1,177:1,14:1,600:1,600:1,500:1,334:1,2017-18
07,CAMDEN,5560,WATERFORD TWP,11:1,135:1,13:1,405:1,405:1,405:1,270:1,2017-18
07,CAMDEN,5820,WINSLOW TWP,10:1,158:1,15:1,947:1,677:1,338:1,215:1,2017-18
07,CAMDEN,5900,WOODLYNNE BORO,11:1,125:1,11:1,NA,375:1,NA,188:1,2017-18
09,CAPE MAY,0170,AVALON BORO,5:1,25:1,5:1,75:1,38:1,75:1,NA,2017-18
09,CAPE MAY,0710,CAPE MAY CITY,7:1,48:1,7:1,NA,NA,143:1,NA,2017-18
09,CAPE MAY,0715,CAPE MAY CO SPECIAL SERV,6:1,42:1,8:1,211:1,105:1,211:1,35:1,2017-18
09,CAPE MAY,0720,CAPE MAY CO VOCATIONAL,9:1,87:1,10:1,610:1,610:1,305:1,305:1,2017-18
09,CAPE MAY,1080,DENNIS TWP,8:1,140:1,17:1,560:1,280:1,280:1,187:1,2017-18
09,CAPE MAY,2820,LOWER CAPE MAY REGIONAL,11:1,130:1,12:1,650:1,650:1,217:1,186:1,2017-18
09,CAPE MAY,2840,LOWER TWP,12:1,188:1,16:1,847:1,424:1,339:1,339:1,2017-18
09,CAPE MAY,3130,MIDDLE TWP,12:1,205:1,17:1,1228:1,491:1,409:1,307:1,2017-18
09,CAPE MAY,3680,NORTH WILDWOOD CITY,5:1,52:1,10:1,206:1,206:1,206:1,103:1,2017-18
09,CAPE MAY,3780,OCEAN CITY,11:1,193:1,17:1,708:1,708:1,236:1,303:1,2017-18
09,CAPE MAY,5060,STONE HARBOR BORO,5:1,15:1,3:1,91:1,46:1,30:1,NA,2017-18
09,CAPE MAY,5340,UPPER TWP,11:1,178:1,16:1,711:1,474:1,474:1,284:1,2017-18
09,CAPE MAY,5610,WEST CAPE MAY BORO,9:1,51:1,6:1,102:1,102:1,NA,NA,2017-18
09,CAPE MAY,5790,WILDWOOD CITY,9:1,110:1,12:1,878:1,878:1,293:1,220:1,2017-18
09,CAPE MAY,5800,WILDWOOD CREST BORO,8:1,69:1,9:1,277:1,277:1,277:1,139:1,2017-18
09,CAPE MAY,5840,WOODBINE BORO,10:1,100:1,10:1,NA,199:1,199:1,NA,2017-18
11,CUMBERLAND,0540,BRIDGETON CITY,13:1,184:1,14:1,1040:1,520:1,240:1,520:1,2017-18
11,CUMBERLAND,0950,COMMERCIAL TWP,12:1,109:1,9:1,NA,274:1,182:1,137:1,2017-18
11,CUMBERLAND,0995,CUMBERLAND CO VOCATIONAL,12:1,68:1,6:1,NA,543:1,543:1,272:1,2017-18
11,CUMBERLAND,0997,CUMBERLAND REGIONAL,14:1,92:1,7:1,1102:1,551:1,276:1,551:1,2017-18
11,CUMBERLAND,1020,DEERFIELD TWP,10:1,112:1,11:1,335:1,335:1,NA,112:1,2017-18
11,CUMBERLAND,1120,DOWNE TWP,11:1,93:1,9:1,NA,186:1,NA,NA,2017-18
11,CUMBERLAND,1460,FAIRFIELD TWP,10:1,104:1,10:1,518:1,518:1,NA,518:1,2017-18
11,CUMBERLAND,1820,GREENWICH TWP,7:1,62:1,9:1,NA,62:1,62:1,NA,2017-18
11,CUMBERLAND,2270,HOPEWELL TWP,13:1,158:1,12:1,NA,475:1,475:1,475:1,2017-18
11,CUMBERLAND,2570,LAWRENCE TWP,11:1,94:1,8:1,NA,469:1,469:1,469:1,2017-18
11,CUMBERLAND,3050,MAURICE RIVER TWP,11:1,80:1,7:1,NA,399:1,399:1,133:1,2017-18
11,CUMBERLAND,3230,MILLVILLE CITY,13:1,125:1,10:1,920:1,425:1,325:1,204:1,2017-18
11,CUMBERLAND,5070,STOW CREEK TWP,8:1,109:1,13:1,NA,109:1,109:1,NA,2017-18
11,CUMBERLAND,5300,UPPER DEERFIELD TWP,11:1,179:1,16:1,NA,299:1,299:1,448:1,2017-18
11,CUMBERLAND,5390,VINELAND CITY,14:1,234:1,17:1,1053:1,620:1,340:1,245:1,2017-18
13,ESSEX,0250,BELLEVILLE TOWN,14:1,173:1,13:1,1123:1,408:1,408:1,225:1,2017-18
13,ESSEX,0410,BLOOMFIELD TWP,12:1,189:1,16:1,584:1,643:1,306:1,238:1,2017-18
13,ESSEX,0660,CALDWELL-WEST CALDWELL,12:1,154:1,13:1,375:1,375:1,525:1,219:1,2017-18
13,ESSEX,0760,CEDAR GROVE TWP,10:1,131:1,13:1,524:1,393:1,393:1,314:1,2017-18
13,ESSEX,1210,EAST ORANGE,12:1,146:1,12:1,1102:1,381:1,300:1,155:1,2017-18
13,ESSEX,1387,ESSEX CO ED SERV COMM,1:1,5:1,16:1,91:1,8:1,46:1,2:1,2017-18
13,ESSEX,1390,ESSEX CO VOC-TECH,12:1,119:1,10:1,752:1,564:1,226:1,376:1,2017-18
13,ESSEX,1400,ESSEX FELLS BORO,7:1,115:1,16:1,229:1,229:1,NA,229:1,2017-18
13,ESSEX,1465,FAIRFIELD TWP,10:1,174:1,17:1,NA,348:1,348:1,348:1,2017-18
13,ESSEX,1750,GLEN RIDGE BORO,13:1,172:1,14:1,631:1,473:1,315:1,270:1,2017-18
13,ESSEX,2330,IRVINGTON TOWNSHIP,15:1,208:1,14:1,701:1,514:1,350:1,234:1,2017-18
13,ESSEX,2730,LIVINGSTON TWP,12:1,159:1,13:1,603:1,670:1,287:1,232:1,2017-18
13,ESSEX,3190,MILLBURN TWP,12:1,143:1,12:1,975:1,610:1,542:1,222:1,2017-18
13,ESSEX,3310,MONTCLAIR TOWN,12:1,208:1,18:1,1668:1,513:1,556:1,155:1,2017-18
13,ESSEX,3570,NEWARK CITY,15:1,114:1,8:1,3431:1,438:1,654:1,183:1,2017-18
13,ESSEX,3630,NORTH CALDWELL BORO,10:1,170:1,17:1,680:1,340:1,NA,170:1,2017-18
13,ESSEX,3750,NUTLEY TOWN,12:1,150:1,12:1,675:1,579:1,368:1,253:1,2017-18
13,ESSEX,3880,CITY OF ORANGE TWP,12:1,112:1,10:1,698:1,559:1,430:1,223:1,2017-18
13,ESSEX,4530,ROSELAND BORO,12:1,93:1,8:1,232:1,464:1,464:1,NA,2017-18
13,ESSEX,4900,SOUTH ORANGE-MAPLEWOOD,12:1,176:1,14:1,781:1,540:1,502:1,190:1,2017-18
13,ESSEX,5370,VERONA BORO,12:1,131:1,10:1,555:1,317:1,370:1,247:1,2017-18
13,ESSEX,5630,WEST ESSEX REGIONAL,10:1,111:1,11:1,833:1,833:1,238:1,278:1,2017-18
13,ESSEX,5680,WEST ORANGE TOWN,11:1,156:1,15:1,515:1,515:1,279:1,197:1,2017-18
15,GLOUCESTER,0860,CLAYTON BORO,12:1,159:1,13:1,1432:1,477:1,358:1,716:1,2017-18
15,GLOUCESTER,0870,CLEARVIEW REGIONAL,13:1,144:1,11:1,2303:1,1151:1,230:1,576:1,2017-18
15,GLOUCESTER,1100,DEPTFORD TWP,13:1,187:1,15:1,1437:1,539:1,479:1,392:1,2017-18
15,GLOUCESTER,1180,EAST GREENWICH TWP,12:1,183:1,16:1,639:1,NA,639:1,320:1,2017-18
15,GLOUCESTER,1330,ELK TWP,11:1,74:1,7:1,NA,372:1,NA,186:1,2017-18
15,GLOUCESTER,1590,FRANKLIN TWP,11:1,176:1,16:1,1409:1,470:1,470:1,352:1,2017-18
15,GLOUCESTER,1715,GATEWAY REGIONAL,10:1,69:1,7:1,894:1,NA,298:1,128:1,2017-18
15,GLOUCESTER,1730,GLASSBORO,11:1,95:1,9:1,1994:1,399:1,285:1,285:1,2017-18
15,GLOUCESTER,1774,GLOUCESTER CO SPEC SERV,6:1,31:1,5:1,642:1,92:1,NA,64:1,2017-18
15,GLOUCESTER,1775,GLOUCESTER CO VOCATIONAL,15:1,197:1,13:1,NA,1382:1,230:1,461:1,2017-18
15,GLOUCESTER,1830,GREENWICH TWP,9:1,108:1,12:1,NA,215:1,430:1,143:1,2017-18
15,GLOUCESTER,2070,HARRISON TWP,12:1,176:1,15:1,705:1,705:1,705:1,470:1,2017-18
15,GLOUCESTER,2440,KINGSWAY REGIONAL,15:1,159:1,11:1,899:1,899:1,337:1,450:1,2017-18
15,GLOUCESTER,2750,LOGAN TWP,9:1,120:1,13:1,NA,279:1,210:1,279:1,2017-18
15,GLOUCESTER,2990,MANTUA TWP,11:1,184:1,16:1,1290:1,430:1,430:1,258:1,2017-18
15,GLOUCESTER,3280,MONROE TWP,13:1,213:1,16:1,850:1,992:1,425:1,298:1,2017-18
15,GLOUCESTER,3490,NATIONAL PARK BORO,10:1,54:1,5:1,NA,271:1,NA,136:1,2017-18
15,GLOUCESTER,4020,PAULSBORO BORO,10:1,112:1,12:1,1009:1,505:1,336:1,202:1,2017-18
15,GLOUCESTER,4140,PITMAN BORO,9:1,109:1,12:1,654:1,261:1,163:1,218:1,2017-18
15,GLOUCESTER,4880,SOUTH HARRISON TWP,11:1,61:1,5:1,366:1,366:1,NA,183:1,2017-18
15,GLOUCESTER,4940,DELSEA REGIONAL H.S DIST.,13:1,135:1,11:1,1621:1,540:1,232:1,270:1,2017-18
15,GLOUCESTER,5120,SWEDESBORO-WOOLWICH,12:1,169:1,14:1,1686:1,337:1,422:1,281:1,2017-18
15,GLOUCESTER,5500,WASHINGTON TWP,11:1,154:1,14:1,558:1,605:1,279:1,290:1,2017-18
15,GLOUCESTER,5590,WENONAH BORO,9:1,90:1,11:1,179:1,179:1,179:1,NA,2017-18
15,GLOUCESTER,5620,WEST DEPTFORD TWP,13:1,180:1,14:1,2877:1,575:1,320:1,411:1,2017-18
15,GLOUCESTER,5740,WESTVILLE BORO,11:1,58:1,5:1,NA,345:1,NA,173:1,2017-18
15,GLOUCESTER,5860,WOODBURY CITY,11:1,118:1,11:1,1530:1,510:1,306:1,255:1,2017-18
15,GLOUCESTER,5870,WOODBURY HEIGHTS BORO,9:1,234:1,26:1,NA,234:1,234:1,NA,2017-18
17,HUDSON,0220,BAYONNE CITY,14:1,227:1,16:1,3182:1,530:1,382:1,502:1,2017-18
17,HUDSON,1200,EAST NEWARK BORO,NA,NA,N,NA,NA,NA,NA,2017-18
17,HUDSON,1850,GUTTENBERG TOWN,NA,NA,N,NA,NA,NA,NA,2017-18
17,HUDSON,2060,HARRISON TOWN,14:1,135:1,10:1,NA,486:1,810:1,187:1,2017-18
17,HUDSON,2210,HOBOKEN CITY,13:1,134:1,10:1,2679:1,447:1,383:1,179:1,2017-18
17,HUDSON,2295,HUDSON COUNTY VOCATIONAL,13:1,128:1,10:1,2568:1,642:1,198:1,233:1,2017-18
17,HUDSON,2390,JERSEY CITY,12:1,218:1,18:1,1527:1,558:1,427:1,209:1,2017-18
17,HUDSON,2410,KEARNY TOWN,13:1,207:1,16:1,1116:1,697:1,372:1,279:1,2017-18
17,HUDSON,3610,NORTH BERGEN TWP,13:1,183:1,14:1,7666:1,639:1,479:1,284:1,2017-18
17,HUDSON,4730,SECAUCUS TOWN,12:1,137:1,11:1,NA,439:1,220:1,314:1,2017-18
17,HUDSON,5240,UNION CITY,16:1,183:1,12:1,13733:1,763:1,981:1,254:1,2017-18
17,HUDSON,5580,WEEHAWKEN TWP,11:1,97:1,9:1,452:1,452:1,452:1,271:1,2017-18
17,HUDSON,5670,WEST NEW YORK TOWN,14:1,201:1,14:1,1179:1,750:1,1032:1,229:1,2017-18
19,HUNTERDON,0020,ALEXANDRIA TWP,9:1,99:1,11:1,NA,247:1,493:1,164:1,2017-18
19,HUNTERDON,0370,BETHLEHEM TWP,8:1,95:1,11:1,380:1,190:1,190:1,127:1,2017-18
19,HUNTERDON,0430,BLOOMSBURY BORO,7:1,84:1,12:1,84:1,84:1,NA,84:1,2017-18
19,HUNTERDON,0670,CALIFON BORO,5:1,23:1,5:1,NA,91:1,NA,91:1,2017-18
19,HUNTERDON,0910,CLINTON TOWN,10:1,112:1,11:1,NA,447:1,447:1,149:1,2017-18
19,HUNTERDON,0920,CLINTON TWP,9:1,127:1,15:1,423:1,317:1,181:1,159:1,2017-18
19,HUNTERDON,1040,DELAWARE TWP,9:1,98:1,11:1,393:1,393:1,393:1,197:1,2017-18
19,HUNTERDON,1050,DELAWARE VALLEY REGIONAL,10:1,63:1,7:1,694:1,694:1,139:1,174:1,2017-18
19,HUNTERDON,1160,EAST AMWELL TWP,9:1,88:1,10:1,353:1,353:1,353:1,118:1,2017-18
19,HUNTERDON,1376,SOUTH HUNTERDON REGIONAL SCHOOL DISTRICT,9:1,116:1,13:1,931:1,310:1,233:1,310:1,2017-18
19,HUNTERDON,1510,FLEMINGTON-RARITAN REG,10:1,140:1,15:1,513:1,385:1,385:1,280:1,2017-18
19,HUNTERDON,1600,FRANKLIN TWP,9:1,73:1,8:1,NA,293:1,293:1,293:1,2017-18
19,HUNTERDON,1680,FRENCHTOWN BORO,7:1,130:1,19:1,NA,130:1,NA,130:1,2017-18
19,HUNTERDON,1970,HAMPTON BORO,6:1,66:1,11:1,132:1,132:1,NA,44:1,2017-18
19,HUNTERDON,2140,HIGH BRIDGE BORO,9:1,75:1,9:1,NA,187:1,187:1,124:1,2017-18
19,HUNTERDON,2220,HOLLAND TWP,10:1,142:1,15:1,567:1,284:1,284:1,189:1,2017-18
19,HUNTERDON,2300,HUNTERDON CENTRAL REG,12:1,150:1,13:1,953:1,953:1,159:1,286:1,2017-18
19,HUNTERDON,2305,HUNTERDON CO ED SER COMM,3:1,4:1,1:1,NA,30:1,NA,3:1,2017-18
19,HUNTERDON,2308,HUNTERDON CO VOCATIONAL,20:1,176:1,9:1,NA,NA,176:1,176:1,2017-18
19,HUNTERDON,2450,KINGWOOD TWP,9:1,84:1,9:1,334:1,334:1,334:1,111:1,2017-18
19,HUNTERDON,2590,LEBANON BORO,6:1,54:1,9:1,NA,NA,NA,NA,2017-18
19,HUNTERDON,2600,LEBANON TWP,9:1,118:1,13:1,296:1,296:1,592:1,296:1,2017-18
19,HUNTERDON,3180,MILFORD BORO,5:1,25:1,5:1,NA,NA,74:1,NA,2017-18
19,HUNTERDON,3660,N HUNT/VOORHEES REGIONAL,12:1,136:1,11:1,1293:1,646:1,215:1,287:1,2017-18
19,HUNTERDON,4350,READINGTON TWP,9:1,125:1,14:1,375:1,300:1,250:1,188:1,2017-18
19,HUNTERDON,5180,TEWKSBURY TWP,9:1,277:1,32:1,NA,277:1,277:1,NA,2017-18
19,HUNTERDON,5270,UNION TWP,10:1,112:1,11:1,NA,224:1,224:1,149:1,2017-18
21,MERCER,1245,EAST WINDSOR REGIONAL,12:1,151:1,13:1,1281:1,641:1,320:1,301:1,2017-18
21,MERCER,1430,EWING TWP,10:1,160:1,16:1,704:1,704:1,352:1,207:1,2017-18
21,MERCER,1950,HAMILTON TWP,12:1,182:1,15:1,765:1,441:1,255:1,249:1,2017-18
21,MERCER,2280,HOPEWELL VALLEY REGIONAL,10:1,141:1,14:1,880:1,587:1,320:1,185:1,2017-18
21,MERCER,2580,LAWRENCE TWP,12:1,148:1,13:1,641:1,428:1,296:1,167:1,2017-18
21,MERCER,3103,MERCER CO SPECIAL SERVICE,6:1,47:1,8:1,560:1,93:1,NA,47:1,2017-18
21,MERCER,3105,MERCER COUNTY VOCATIONAL,14:1,86:1,6:1,NA,303:1,303:1,303:1,2017-18
21,MERCER,4255,PRINCETON REGIONAL,11:1,145:1,13:1,626:1,537:1,221:1,179:1,2017-18
21,MERCER,5210,TRENTON CITY,14:1,241:1,17:1,946:1,552:1,414:1,358:1,2017-18
21,MERCER,5510,ROBBINSVILLE TWP,13:1,212:1,16:1,1059:1,529:1,397:1,353:1,2017-18
21,MERCER,5715,W WINDSOR-PLAINSBORO REG,13:1,198:1,16:1,972:1,748:1,335:1,278:1,2017-18
23,MIDDLESEX,0750,CARTERET BORO,13:1,201:1,16:1,NA,955:1,764:1,255:1,2017-18
23,MIDDLESEX,0970,CRANBURY TWP,9:1,96:1,11:1,481:1,481:1,241:1,241:1,2017-18
23,MIDDLESEX,1140,DUNELLEN BORO,12:1,120:1,10:1,1203:1,602:1,301:1,401:1,2017-18
23,MIDDLESEX,1170,EAST BRUNSWICK TWP,12:1,176:1,15:1,674:1,622:1,368:1,193:1,2017-18
23,MIDDLESEX,1290,EDISON TWP,16:1,305:1,19:1,4042:1,1011:1,415:1,490:1,2017-18
23,MIDDLESEX,2150,HIGHLAND PARK BORO,11:1,149:1,14:1,1641:1,328:1,328:1,274:1,2017-18
23,MIDDLESEX,2370,JAMESBURG BORO,13:1,118:1,9:1,NA,355:1,355:1,355:1,2017-18
23,MIDDLESEX,3120,METUCHEN BORO,12:1,142:1,11:1,755:1,567:1,378:1,283:1,2017-18
23,MIDDLESEX,3140,MIDDLESEX BORO,12:1,161:1,14:1,2097:1,350:1,300:1,210:1,2017-18
23,MIDDLESEX,3145,MIDDLESEX CO REG SER COMM,4:1,26:1,6:1,NA,102:1,NA,239:1,2017-18
23,MIDDLESEX,3150,MIDDLESEX CO VOCATIONAL,11:1,77:1,7:1,403:1,403:1,252:1,155:1,2017-18
23,MIDDLESEX,3220,MILLTOWN BORO,11:1,126:1,11:1,755:1,378:1,NA,252:1,2017-18
23,MIDDLESEX,3290,MONROE TWP,13:1,244:1,19:1,853:1,525:1,359:1,273:1,2017-18
23,MIDDLESEX,3530,NEW BRUNSWICK CITY,13:1,182:1,14:1,1130:1,509:1,565:1,221:1,2017-18
23,MIDDLESEX,3620,NORTH BRUNSWICK TWP,12:1,139:1,12:1,996:1,996:1,398:1,374:1,2017-18
23,MIDDLESEX,3845,OLD BRIDGE TWP,12:1,217:1,18:1,1738:1,668:1,362:1,272:1,2017-18
23,MIDDLESEX,4090,PERTH AMBOY CITY,12:1,163:1,13:1,3698:1,462:1,336:1,277:1,2017-18
23,MIDDLESEX,4130,PISCATAWAY TWP,13:1,162:1,13:1,3567:1,1427:1,549:1,193:1,2017-18
23,MIDDLESEX,4660,SAYREVILLE BORO,13:1,221:1,17:1,1030:1,772:1,441:1,343:1,2017-18
23,MIDDLESEX,4830,SOUTH AMBOY CITY,12:1,176:1,15:1,1058:1,529:1,353:1,264:1,2017-18
23,MIDDLESEX,4860,SOUTH BRUNSWICK TWP,14:1,165:1,12:1,797:1,797:1,626:1,219:1,2017-18
23,MIDDLESEX,4910,SOUTH PLAINFIELD BORO,12:1,154:1,12:1,675:1,844:1,482:1,563:1,2017-18
23,MIDDLESEX,4920,SOUTH RIVER BORO,12:1,156:1,13:1,2191:1,2191:1,313:1,243:1,2017-18
23,MIDDLESEX,4970,SPOTSWOOD BORO,12:1,191:1,16:1,NA,572:1,343:1,286:1,2017-18
23,MIDDLESEX,5850,WOODBRIDGE TWP,12:1,216:1,17:1,13598:1,544:1,425:1,349:1,2017-18
25,MONMOUTH,0100,ASBURY PARK CITY,9:1,81:1,9:1,529:1,302:1,235:1,141:1,2017-18
25,MONMOUTH,0130,ATLANTIC HIGHLANDS BORO,10:1,63:1,6:1,316:1,316:1,NA,63:1,2017-18
25,MONMOUTH,0180,AVON BORO,7:1,35:1,5:1,NA,140:1,NA,140:1,2017-18
25,MONMOUTH,0225,BAYSHORE JOINTURE COMM,4:1,28:1,8:1,NA,NA,NA,55:1,2017-18
25,MONMOUTH,0270,BELMAR BORO,9:1,128:1,14:1,513:1,513:1,513:1,171:1,2017-18
25,MONMOUTH,0500,BRADLEY BEACH BORO,9:1,80:1,9:1,NA,320:1,NA,160:1,2017-18
25,MONMOUTH,0560,BRIELLE BORO,11:1,181:1,16:1,543:1,543:1,543:1,181:1,2017-18
25,MONMOUTH,0945,COLTS NECK TWP,8:1,106:1,13:1,957:1,319:1,319:1,191:1,2017-18
25,MONMOUTH,1000,DEAL BORO,9:1,85:1,9:1,NA,NA,169:1,85:1,2017-18
25,MONMOUTH,1260,EATONTOWN BORO,139:1,NA,N,NA,NA,975:1,NA,2017-18
25,MONMOUTH,1440,FAIR HAVEN BORO,11:1,141:1,13:1,495:1,495:1,990:1,248:1,2017-18
25,MONMOUTH,1490,FARMINGDALE BORO,6:1,52:1,8:1,156:1,156:1,NA,NA,2017-18
25,MONMOUTH,1640,FREEHOLD BORO,13:1,154:1,12:1,1692:1,564:1,564:1,282:1,2017-18
25,MONMOUTH,1650,FREEHOLD REGIONAL,14:1,148:1,11:1,3548:1,1064:1,280:1,409:1,2017-18
25,MONMOUTH,1660,FREEHOLD TWP,11:1,164:1,15:1,756:1,473:1,420:1,189:1,2017-18
25,MONMOUTH,2105,HAZLET TWP,11:1,120:1,11:1,2881:1,360:1,360:1,262:1,2017-18
25,MONMOUTH,2120,HENRY HUDSON REGIONAL,8:1,50:1,7:1,303:1,303:1,151:1,101:1,2017-18
25,MONMOUTH,2160,HIGHLANDS BORO,8:1,39:1,5:1,195:1,195:1,NA,65:1,2017-18
25,MONMOUTH,2230,HOLMDEL TWP,11:1,151:1,13:1,603:1,753:1,377:1,274:1,2017-18
25,MONMOUTH,2290,HOWELL TWP,12:1,157:1,13:1,580:1,446:1,527:1,207:1,2017-18
25,MONMOUTH,2400,KEANSBURG BORO,8:1,103:1,13:1,1552:1,310:1,222:1,111:1,2017-18
25,MONMOUTH,2430,KEYPORT BORO,10:1,96:1,10:1,NA,527:1,351:1,351:1,2017-18
25,MONMOUTH,2720,LITTLE SILVER BORO,10:1,124:1,12:1,NA,433:1,433:1,289:1,2017-18
25,MONMOUTH,2770,LONG BRANCH CITY,11:1,140:1,12:1,1147:1,521:1,521:1,169:1,2017-18
25,MONMOUTH,2920,MANALAPAN-ENGLISHTOWN REG,12:1,182:1,15:1,848:1,565:1,636:1,268:1,2017-18
25,MONMOUTH,2930,MANASQUAN BORO,11:1,115:1,11:1,749:1,749:1,250:1,250:1,2017-18
25,MONMOUTH,3030,MARLBORO TWP,11:1,181:1,17:1,699:1,611:1,445:1,272:1,2017-18
25,MONMOUTH,3040,MATAWAN-ABERDEEN REGIONAL,11:1,176:1,16:1,741:1,529:1,309:1,265:1,2017-18
25,MONMOUTH,3160,MIDDLETOWN TWP,12:1,198:1,16:1,1587:1,529:1,414:1,198:1,2017-18
25,MONMOUTH,3200,MILLSTONE TWP,11:1,125:1,11:1,NA,376:1,565:1,188:1,2017-18
25,MONMOUTH,3250,MONMOUTH BEACH BORO,9:1,82:1,9:1,123:1,245:1,NA,82:1,2017-18
25,MONMOUTH,3255,MONMOUTH-OCEAN ED SER COM,1:1,5:1,6:1,NA,NA,NA,NA,2017-18
25,MONMOUTH,3260,MONMOUTH CO VOCATIONAL,10:1,103:1,10:1,2167:1,361:1,120:1,1084:1,2017-18
25,MONMOUTH,3270,MONMOUTH REGIONAL,10:1,86:1,9:1,951:1,475:1,190:1,238:1,2017-18
25,MONMOUTH,3500,NEPTUNE CITY,8:1,95:1,11:1,NA,284:1,NA,71:1,2017-18
25,MONMOUTH,3510,NEPTUNE TWP,10:1,131:1,13:1,560:1,392:1,261:1,392:1,2017-18
25,MONMOUTH,3810,OCEAN TWP,10:1,146:1,15:1,699:1,699:1,291:1,233:1,2017-18
25,MONMOUTH,3830,OCEANPORT BORO,10:1,97:1,10:1,581:1,291:1,581:1,194:1,2017-18
25,MONMOUTH,4360,RED BANK BORO,13:1,144:1,11:1,NA,480:1,720:1,480:1,2017-18
25,MONMOUTH,4365,RED BANK REGIONAL,10:1,97:1,10:1,1169:1,NA,292:1,130:1,2017-18
25,MONMOUTH,4520,ROOSEVELT BORO,7:1,82:1,12:1,82:1,82:1,NA,27:1,2017-18
25,MONMOUTH,4570,RUMSON BORO,11:1,149:1,13:1,1045:1,523:1,523:1,348:1,2017-18
25,MONMOUTH,4580,RUMSON-FAIR HAVEN REG,11:1,89:1,8:1,976:1,976:1,163:1,244:1,2017-18
25,MONMOUTH,4690,SEA GIRT BORO,7:1,71:1,11:1,NA,141:1,NA,141:1,2017-18
25,MONMOUTH,4760,SHORE REGIONAL,11:1,90:1,8:1,631:1,631:1,210:1,315:1,2017-18
25,MONMOUTH,4770,SHREWSBURY BORO,10:1,118:1,11:1,470:1,470:1,470:1,157:1,2017-18
25,MONMOUTH,4980,SPRING LAKE BORO,7:1,64:1,9:1,191:1,NA,NA,64:1,2017-18
25,MONMOUTH,4990,SPRING LAKE HEIGHTS BORO,10:1,111:1,12:1,333:1,333:1,167:1,111:1,2017-18
25,MONMOUTH,5185,TINTON FALLS,10:1,169:1,18:1,1522:1,381:1,761:1,190:1,2017-18
25,MONMOUTH,5230,UNION BEACH,10:1,106:1,11:1,NA,637:1,637:1,159:1,2017-18
25,MONMOUTH,5310,UPPER FREEHOLD REGIONAL,11:1,150:1,14:1,563:1,1125:1,322:1,281:1,2017-18
25,MONMOUTH,5420,WALL TWP,9:1,157:1,17:1,1148:1,430:1,344:1,138:1,2017-18
25,MONMOUTH,5640,WEST LONG BRANCH BORO,9:1,110:1,12:1,552:1,552:1,552:1,184:1,2017-18
27,MORRIS,0450,BOONTON TOWN,11:1,116:1,11:1,698:1,465:1,199:1,233:1,2017-18
27,MORRIS,0460,BOONTON TWP,11:1,109:1,10:1,434:1,434:1,434:1,217:1,2017-18
27,MORRIS,0630,BUTLER BORO,11:1,117:1,11:1,1167:1,584:1,233:1,292:1,2017-18
27,MORRIS,0785,SCH DIST OF THE CHATHAMS,12:1,154:1,12:1,1042:1,694:1,298:1,298:1,2017-18
27,MORRIS,0820,CHESTER TWP,9:1,154:1,16:1,540:1,360:1,270:1,180:1,2017-18
27,MORRIS,1090,DENVILLE TWP,10:1,164:1,16:1,818:1,327:1,327:1,205:1,2017-18
27,MORRIS,1110,DOVER TOWN,15:1,170:1,12:1,1079:1,809:1,647:1,647:1,2017-18
27,MORRIS,1190,EAST HANOVER TWP,9:1,103:1,12:1,462:1,308:1,308:1,154:1,2017-18
27,MORRIS,1530,FLORHAM PARK BORO,11:1,123:1,12:1,980:1,327:1,490:1,196:1,2017-18
27,MORRIS,1990,HANOVER PARK REGIONAL,11:1,124:1,12:1,743:1,743:1,165:1,248:1,2017-18
27,MORRIS,2000,HANOVER TWP,11:1,161:1,15:1,483:1,363:1,242:1,207:1,2017-18
27,MORRIS,2010,HARDING TOWNSHIP,8:1,76:1,10:1,304:1,304:1,304:1,101:1,2017-18
27,MORRIS,2380,JEFFERSON TWP,11:1,129:1,11:1,988:1,371:1,247:1,198:1,2017-18
27,MORRIS,2460,KINNELON BORO,10:1,113:1,11:1,454:1,454:1,259:1,202:1,2017-18
27,MORRIS,2650,LINCOLN PARK BORO,11:1,157:1,14:1,939:1,470:1,470:1,235:1,2017-18
27,MORRIS,2870,MADISON BORO,12:1,138:1,11:1,655:1,524:1,327:1,218:1,2017-18
27,MORRIS,3090,MENDHAM BORO,10:1,86:1,9:1,NA,259:1,259:1,172:1,2017-18
27,MORRIS,3100,MENDHAM TWP,9:1,140:1,15:1,349:1,349:1,349:1,175:1,2017-18
27,MORRIS,3240,MINE HILL TWP,11:1,123:1,11:1,368:1,368:1,368:1,NA,2017-18
27,MORRIS,3340,MONTVILLE TWP,9:1,151:1,16:1,518:1,403:1,227:1,201:1,2017-18
27,MORRIS,3364,EDUC SERV COMM MORRIS CO,2:1,16:1,10:1,NA,NA,NA,31:1,2017-18
27,MORRIS,3365,MORRIS COUNTY VOCATIONAL,15:1,123:1,8:1,1106:1,1106:1,276:1,369:1,2017-18
27,MORRIS,3370,MORRIS HILLS REGIONAL,11:1,105:1,10:1,1416:1,708:1,218:1,167:1,2017-18
27,MORRIS,3380,MORRIS PLAINS BORO,9:1,116:1,13:1,579:1,290:1,290:1,193:1,2017-18
27,MORRIS,3385,MORRIS SCHOOL DISTRICT,11:1,154:1,14:1,510:1,392:1,364:1,150:1,2017-18
27,MORRIS,3410,MOUNT ARLINGTON BORO,9:1,71:1,8:1,NA,179:1,NA,179:1,2017-18
27,MORRIS,3450,MOUNT OLIVE TWP,13:1,178:1,14:1,771:1,661:1,330:1,210:1,2017-18
27,MORRIS,3460,MOUNTAIN LAKES BORO,10:1,102:1,10:1,383:1,383:1,219:1,170:1,2017-18
27,MORRIS,3520,NETCONG BORO,13:1,105:1,8:1,NA,316:1,NA,158:1,2017-18
27,MORRIS,3950,PARSIPPANY-TROY HILLS TWP,11:1,167:1,15:1,502:1,502:1,260:1,234:1,2017-18
27,MORRIS,4000,LONG HILL TWP,10:1,106:1,10:1,423:1,282:1,423:1,212:1,2017-18
27,MORRIS,4080,PEQUANNOCK TWP,12:1,125:1,10:1,425:1,425:1,303:1,212:1,2017-18
27,MORRIS,4330,RANDOLPH TWP,11:1,163:1,14:1,945:1,590:1,363:1,249:1,2017-18
27,MORRIS,4440,RIVERDALE BORO,10:1,165:1,16:1,329:1,329:1,NA,110:1,2017-18
27,MORRIS,4480,ROCKAWAY BORO,11:1,115:1,11:1,575:1,288:1,288:1,NA,2017-18
27,MORRIS,4490,ROCKAWAY TWP,10:1,194:1,19:1,466:1,389:1,291:1,167:1,2017-18
27,MORRIS,4560,ROXBURY TWP,11:1,125:1,11:1,722:1,516:1,301:1,241:1,2017-18
27,MORRIS,5520,WASHINGTON TWP,10:1,208:1,21:1,347:1,347:1,417:1,160:1,2017-18
27,MORRIS,5660,WEST MORRIS REGIONAL,13:1,130:1,10:1,1238:1,619:1,206:1,275:1,2017-18
27,MORRIS,5770,WHARTON BORO,10:1,151:1,16:1,757:1,757:1,379:1,NA,2017-18
29,OCEAN,0185,BARNEGAT TWP,11:1,184:1,16:1,1043:1,313:1,285:1,285:1,2017-18
29,OCEAN,0210,BAY HEAD BORO,7:1,43:1,6:1,NA,128:1,128:1,NA,2017-18
29,OCEAN,0230,BEACH HAVEN BORO,NA,NA,14:1,NA,NA,NA,NA,2017-18
29,OCEAN,0320,BERKELEY TWP,12:1,182:1,15:1,546:1,546:1,546:1,273:1,2017-18
29,OCEAN,0530,BRICK TWP,11:1,210:1,19:1,783:1,507:1,431:1,210:1,2017-18
29,OCEAN,0770,CENTRAL REGIONAL,14:1,151:1,11:1,1056:1,704:1,302:1,264:1,2017-18
29,OCEAN,1150,EAGLESWOOD TWP,8:1,69:1,9:1,NA,NA,NA,138:1,2017-18
29,OCEAN,2350,ISLAND HEIGHTS BORO,8:1,61:1,8:1,NA,122:1,122:1,NA,2017-18
29,OCEAN,2360,JACKSON TWP,12:1,202:1,16:1,827:1,551:1,344:1,318:1,2017-18
29,OCEAN,2480,LACEY TWP,11:1,153:1,14:1,797:1,664:1,285:1,332:1,2017-18
29,OCEAN,2500,LAKEHURST BORO,10:1,88:1,9:1,NA,352:1,352:1,88:1,2017-18
29,OCEAN,2520,LAKEWOOD TWP,11:1,208:1,18:1,1871:1,702:1,401:1,216:1,2017-18
29,OCEAN,2550,LAVALLETTE BORO,7:1,72:1,10:1,NA,143:1,143:1,NA,2017-18
29,OCEAN,2690,LITTLE EGG HARBOR TWP,11:1,147:1,13:1,NA,NA,1612:1,202:1,2017-18
29,OCEAN,2760,LONG BEACH ISLAND,7:1,78:1,11:1,NA,118:1,235:1,NA,2017-18
29,OCEAN,2940,MANCHESTER TWP,10:1,147:1,14:1,736:1,421:1,268:1,210:1,2017-18
29,OCEAN,3790,OCEAN COUNTY VOCATIONAL,12:1,91:1,8:1,NA,256:1,128:1,NA,2017-18
29,OCEAN,3800,OCEAN GATE BORO,8:1,74:1,9:1,NA,148:1,NA,148:1,2017-18
29,OCEAN,3820,OCEAN TWP,10:1,127:1,13:1,NA,254:1,507:1,169:1,2017-18
29,OCEAN,4105,PINELANDS REGIONAL,10:1,108:1,11:1,1513:1,1513:1,216:1,189:1,2017-18
29,OCEAN,4190,PLUMSTED TWP,10:1,97:1,10:1,1357:1,339:1,226:1,226:1,2017-18
29,OCEAN,4210,POINT PLEASANT BORO,11:1,145:1,13:1,687:1,687:1,344:1,344:1,2017-18
29,OCEAN,4220,POINT PLEASANT BEACH BORO,10:1,110:1,11:1,770:1,385:1,257:1,257:1,2017-18
29,OCEAN,4710,SEASIDE HEIGHTS BORO,9:1,224:1,24:1,224:1,224:1,224:1,75:1,2017-18
29,OCEAN,4950,SOUTHERN REGIONAL,13:1,158:1,12:1,1423:1,1423:1,219:1,316:1,2017-18
29,OCEAN,5020,STAFFORD TWP,12:1,169:1,14:1,NA,440:1,551:1,245:1,2017-18
29,OCEAN,5190,TOMS RIVER REGIONAL,13:1,217:1,17:1,2568:1,593:1,395:1,428:1,2017-18
29,OCEAN,5220,TUCKERTON BORO,9:1,139:1,15:1,NA,278:1,278:1,139:1,2017-18
31,PASSAIC,0420,BLOOMINGDALE BORO,11:1,89:1,8:1,NA,178:1,267:1,178:1,2017-18
31,PASSAIC,0900,CLIFTON CITY,13:1,203:1,16:1,1794:1,489:1,336:1,276:1,2017-18
31,PASSAIC,1920,HALEDON BORO,10:1,130:1,13:1,1042:1,521:1,347:1,347:1,2017-18
31,PASSAIC,2100,HAWTHORNE BORO,11:1,137:1,12:1,775:1,465:1,465:1,233:1,2017-18
31,PASSAIC,2510,LAKELAND REGIONAL,10:1,91:1,9:1,912:1,912:1,228:1,152:1,2017-18
31,PASSAIC,2700,LITTLE FALLS TWP,10:1,177:1,18:1,887:1,296:1,444:1,296:1,2017-18
31,PASSAIC,3640,NORTH HALEDON BORO,11:1,92:1,8:1,644:1,322:1,644:1,215:1,2017-18
31,PASSAIC,3970,PASSAIC CITY,14:1,179:1,13:1,4781:1,495:1,512:1,235:1,2017-18
31,PASSAIC,3975,NORTHERN REGION EDUCATIONAL SERVICES COMMISSION,1:1,9:1,8:1,NA,14:1,NA,NA,2017-18
31,PASSAIC,3980,PASSAIC CO MANCHESTER REG,14:1,121:1,8:1,846:1,846:1,282:1,282:1,2017-18
31,PASSAIC,3990,PASSAIC VALLEY REGIONAL,12:1,107:1,9:1,NA,1280:1,256:1,640:1,2017-18
31,PASSAIC,3995,PASSAIC COUNTY VOCATIONAL,11:1,150:1,13:1,1721:1,574:1,265:1,265:1,2017-18
31,PASSAIC,4010,PATERSON CITY,14:1,121:1,9:1,1224:1,587:1,414:1,303:1,2017-18
31,PASSAIC,4230,POMPTON LAKES BORO,11:1,97:1,9:1,550:1,412:1,330:1,275:1,2017-18
31,PASSAIC,4270,PROSPECT PARK BORO,14:1,183:1,13:1,916:1,916:1,458:1,458:1,2017-18
31,PASSAIC,4400,RINGWOOD BORO,11:1,146:1,13:1,390:1,293:1,390:1,234:1,2017-18
31,PASSAIC,5200,TOTOWA BORO,13:1,148:1,11:1,1034:1,517:1,1034:1,259:1,2017-18
31,PASSAIC,5440,WANAQUE BORO,10:1,152:1,15:1,909:1,909:1,455:1,227:1,2017-18
31,PASSAIC,5570,WAYNE TWP,12:1,191:1,16:1,616:1,500:1,258:1,242:1,2017-18
31,PASSAIC,5650,WEST MILFORD TWP,11:1,133:1,12:1,415:1,369:1,475:1,144:1,2017-18
31,PASSAIC,5690,WOODLAND PARK,12:1,135:1,11:1,NA,359:1,539:1,359:1,2017-18
33,SALEM,0060,ALLOWAY TWP,12:1,93:1,8:1,NA,373:1,373:1,124:1,2017-18
33,SALEM,1350,ELSINBORO TWP,7:1,118:1,17:1,NA,118:1,NA,NA,2017-18
33,SALEM,2800,LOWER ALLOWAYS CREEK,8:1,81:1,11:1,NA,161:1,NA,NA,2017-18
33,SALEM,2950,MANNINGTON TWP,9:1,79:1,9:1,157:1,157:1,NA,NA,2017-18
33,SALEM,3860,OLDMANS TWP,11:1,91:1,8:1,274:1,274:1,274:1,NA,2017-18
33,SALEM,4070,PENNS GRV-CARNEY'S PT REG,12:1,133:1,11:1,710:1,710:1,266:1,355:1,2017-18
33,SALEM,4075,PENNSVILLE,10:1,121:1,12:1,565:1,339:1,242:1,283:1,2017-18
33,SALEM,4150,PITTSGROVE TWP,12:1,104:1,8:1,588:1,294:1,294:1,353:1,2017-18
33,SALEM,4280,QUINTON TWP,11:1,106:1,10:1,NA,317:1,317:1,159:1,2017-18
33,SALEM,4630,SALEM CITY,10:1,97:1,10:1,1167:1,584:1,292:1,389:1,2017-18
33,SALEM,4635,SALEM CO SPECIAL SERVICE,6:1,25:1,5:1,NA,84:1,NA,17:1,2017-18
33,SALEM,4640,SALEM COUNTY VOCATIONAL,16:1,124:1,8:1,NA,742:1,247:1,NA,2017-18
33,SALEM,5320,UPPER PITTSGROVE TWP,10:1,164:1,17:1,NA,327:1,327:1,NA,2017-18
33,SALEM,5910,WOODSTOWN-PILESGROVE REG,11:1,134:1,13:1,1475:1,492:1,295:1,369:1,2017-18
35,SOMERSET,0240,BEDMINSTER TWP,9:1,105:1,11:1,526:1,526:1,263:1,175:1,2017-18
35,SOMERSET,0350,BERNARDS TWP,11:1,170:1,15:1,906:1,680:1,302:1,286:1,2017-18
35,SOMERSET,0490,BOUND BROOK BORO,12:1,156:1,13:1,469:1,375:1,312:1,312:1,2017-18
35,SOMERSET,0510,BRANCHBURG TWP,9:1,163:1,17:1,732:1,488:1,732:1,163:1,2017-18
35,SOMERSET,0555,BRIDGEWATER-RARITAN REG,11:1,195:1,18:1,781:1,715:1,296:1,277:1,2017-18
35,SOMERSET,1610,FRANKLIN TWP,10:1,161:1,16:1,1014:1,710:1,323:1,229:1,2017-18
35,SOMERSET,1810,GREEN BROOK TWP,10:1,139:1,14:1,NA,418:1,418:1,279:1,2017-18
35,SOMERSET,2170,HILLSBOROUGH TWP,11:1,211:1,19:1,821:1,616:1,321:1,274:1,2017-18
35,SOMERSET,3000,MANVILLE BORO,14:1,150:1,11:1,748:1,374:1,299:1,214:1,2017-18
35,SOMERSET,3320,MONTGOMERY TWP,12:1,126:1,11:1,957:1,798:1,319:1,282:1,2017-18
35,SOMERSET,3670,NORTH PLAINFIELD BORO,11:1,134:1,12:1,1114:1,478:1,371:1,239:1,2017-18
35,SOMERSET,4805,SOMERSET CO ED SERV COMM,5:1,17:1,4:1,NA,122:1,122:1,24:1,2017-18
35,SOMERSET,4810,SOMERSET CO VOCATIONAL,8:1,48:1,6:1,478:1,239:1,159:1,239:1,2017-18
35,SOMERSET,4815,SOMERSET HILLS REGIONAL,12:1,131:1,11:1,655:1,655:1,281:1,327:1,2017-18
35,SOMERSET,4820,SOMERVILLE BORO,12:1,124:1,11:1,1178:1,785:1,337:1,236:1,2017-18
35,SOMERSET,4850,SOUTH BOUND BROOK,12:1,113:1,10:1,450:1,450:1,450:1,150:1,2017-18
35,SOMERSET,5470,WARREN TWP,9:1,145:1,17:1,434:1,347:1,217:1,145:1,2017-18
35,SOMERSET,5540,WATCHUNG BORO,12:1,174:1,15:1,697:1,349:1,349:1,349:1,2017-18
35,SOMERSET,5550,WATCHUNG HILLS REGIONAL,13:1,112:1,9:1,2012:1,671:1,201:1,252:1,2017-18
37,SUSSEX,0090,ANDOVER REG,10:1,67:1,7:1,466:1,233:1,NA,155:1,2017-18
37,SUSSEX,0640,BYRAM TWP,10:1,140:1,15:1,NA,419:1,419:1,210:1,2017-18
37,SUSSEX,1560,FRANKFORD TWP,9:1,129:1,15:1,NA,514:1,257:1,171:1,2017-18
37,SUSSEX,1570,FRANKLIN BORO,9:1,154:1,17:1,461:1,461:1,461:1,154:1,2017-18
37,SUSSEX,1630,FREDON TWP,8:1,73:1,9:1,220:1,220:1,220:1,110:1,2017-18
37,SUSSEX,1800,GREEN TWP,10:1,144:1,14:1,432:1,432:1,432:1,144:1,2017-18
37,SUSSEX,1930,HAMBURG BORO,8:1,118:1,15:1,235:1,235:1,235:1,118:1,2017-18
37,SUSSEX,1980,HAMPTON TWP,8:1,57:1,7:1,NA,NA,NA,143:1,2017-18
37,SUSSEX,2030,HARDYSTON TWP,10:1,171:1,18:1,684:1,684:1,684:1,342:1,2017-18
37,SUSSEX,2165,HIGH POINT REGIONAL,11:1,90:1,9:1,904:1,904:1,181:1,226:1,2017-18
37,SUSSEX,2240,HOPATCONG,10:1,98:1,10:1,1563:1,313:1,195:1,156:1,2017-18
37,SUSSEX,2465,KITTATINNY REGIONAL,10:1,89:1,9:1,NA,984:1,246:1,328:1,2017-18
37,SUSSEX,2490,LAFAYETTE TWP,8:1,76:1,10:1,229:1,229:1,NA,76:1,2017-18
37,SUSSEX,2615,LENAPE VALLEY REGIONAL,11:1,76:1,7:1,686:1,686:1,171:1,229:1,2017-18
37,SUSSEX,3300,MONTAGUE TWP,9:1,80:1,9:1,241:1,241:1,241:1,121:1,2017-18
37,SUSSEX,3590,NEWTON TOWN,11:1,153:1,14:1,767:1,511:1,256:1,219:1,2017-18
37,SUSSEX,3840,OGDENSBURG BORO,9:1,58:1,7:1,NA,233:1,NA,78:1,2017-18
37,SUSSEX,4650,SANDYSTON-WALPACK TWP,7:1,141:1,19:1,NA,141:1,NA,35:1,2017-18
37,SUSSEX,4960,SPARTA TWP,12:1,127:1,11:1,636:1,636:1,318:1,227:1,2017-18
37,SUSSEX,5030,STANHOPE BORO,10:1,109:1,11:1,NA,327:1,327:1,82:1,2017-18
37,SUSSEX,5040,STILLWATER TWP,8:1,72:1,9:1,288:1,288:1,NA,288:1,2017-18
37,SUSSEX,5100,SUSSEX-WANTAGE REGIONAL,9:1,147:1,16:1,257:1,342:1,514:1,114:1,2017-18
37,SUSSEX,5105,SUSSEX CO ED SERV COMM,4:1,20:1,5:1,NA,10:1,NA,20:1,2017-18
37,SUSSEX,5110,SUSSEX COUNTY VOCATIONAL,12:1,154:1,12:1,772:1,772:1,386:1,257:1,2017-18
37,SUSSEX,5360,VERNON TWP,11:1,140:1,13:1,3086:1,441:1,257:1,193:1,2017-18
37,SUSSEX,5435,WALLKILL VALLEY REGIONAL,10:1,85:1,8:1,593:1,593:1,198:1,148:1,2017-18
39,UNION,0310,BERKELEY HEIGHTS TWP,11:1,131:1,11:1,654:1,436:1,291:1,187:1,2017-18
39,UNION,0850,CLARK TWP,13:1,175:1,14:1,1134:1,567:1,324:1,252:1,2017-18
39,UNION,0980,CRANFORD TWP,11:1,154:1,13:1,772:1,483:1,483:1,241:1,2017-18
39,UNION,1320,ELIZABETH CITY,13:1,282:1,21:1,1994:1,537:1,537:1,243:1,2017-18
39,UNION,1710,GARWOOD BORO,11:1,126:1,11:1,NA,377:1,NA,126:1,2017-18
39,UNION,2190,HILLSIDE TWP,11:1,126:1,11:1,757:1,378:1,432:1,336:1,2017-18
39,UNION,2420,KENILWORTH BORO,11:1,131:1,12:1,721:1,1442:1,240:1,240:1,2017-18
39,UNION,2660,LINDEN CITY,11:1,135:1,12:1,1218:1,435:1,609:1,165:1,2017-18
39,UNION,3395,MORRIS-UNION JOINTURE COM,4:1,27:1,6:1,NA,48:1,NA,239:1,2017-18
39,UNION,3470,MOUNTAINSIDE BORO,11:1,184:1,17:1,NA,368:1,736:1,368:1,2017-18
39,UNION,3560,NEW PROVIDENCE BORO,12:1,169:1,14:1,591:1,788:1,338:1,338:1,2017-18
39,UNION,4160,PLAINFIELD CITY,15:1,225:1,15:1,1843:1,512:1,576:1,242:1,2017-18
39,UNION,4290,RAHWAY CITY,12:1,162:1,14:1,971:1,555:1,485:1,243:1,2017-18
39,UNION,4540,ROSELLE BORO,13:1,172:1,13:1,2925:1,585:1,418:1,183:1,2017-18
39,UNION,4550,ROSELLE PARK BORO,11:1,138:1,12:1,1032:1,413:1,295:1,229:1,2017-18
39,UNION,4670,SCOTCH PLAINS-FANWOOD REG,12:1,190:1,15:1,688:1,501:1,501:1,393:1,2017-18
39,UNION,5000,SPRINGFIELD TWP,13:1,140:1,11:1,2239:1,448:1,280:1,373:1,2017-18
39,UNION,5090,SUMMIT CITY,11:1,124:1,11:1,442:1,442:1,249:1,332:1,2017-18
39,UNION,5245,UNION CO ED SERV COMM,4:1,23:1,7:1,NA,94:1,375:1,63:1,2017-18
39,UNION,5260,UNION COUNTY VOCATIONAL,13:1,96:1,8:1,NA,1831:1,166:1,NA,2017-18
39,UNION,5290,UNION TWP,11:1,175:1,16:1,898:1,599:1,312:1,225:1,2017-18
39,UNION,5730,WESTFIELD TOWN,12:1,212:1,17:1,635:1,488:1,373:1,302:1,2017-18
39,UNION,5810,WINFIELD TWP,7:1,67:1,9:1,NA,134:1,NA,134:1,2017-18
41,WARREN,0030,ALLAMUCHY TWP,13:1,141:1,11:1,NA,212:1,424:1,424:1,2017-18
41,WARREN,0070,ALPHA BORO,10:1,106:1,11:1,NA,211:1,211:1,NA,2017-18
41,WARREN,0280,BELVIDERE TOWN,10:1,101:1,10:1,705:1,235:1,353:1,235:1,2017-18
41,WARREN,0400,BLAIRSTOWN TWP,10:1,93:1,10:1,466:1,466:1,NA,117:1,2017-18
41,WARREN,1620,FRANKLIN TWP,8:1,73:1,9:1,NA,220:1,NA,73:1,2017-18
41,WARREN,1670,FRELINGHUYSEN TWP,10:1,141:1,14:1,141:1,141:1,141:1,NA,2017-18
41,WARREN,1785,GREAT MEADOWS REGIONAL,9:1,116:1,13:1,347:1,231:1,347:1,NA,2017-18
41,WARREN,1840,GREENWICH TWP,11:1,238:1,23:1,715:1,358:1,715:1,179:1,2017-18
41,WARREN,1870,HACKETTSTOWN,12:1,137:1,11:1,638:1,479:1,319:1,383:1,2017-18
41,WARREN,2040,HARMONY TWP,9:1,85:1,10:1,255:1,255:1,NA,128:1,2017-18
41,WARREN,2250,HOPE TWP,8:1,48:1,6:1,NA,144:1,NA,144:1,2017-18
41,WARREN,2470,KNOWLTON TWP,8:1,62:1,8:1,185:1,185:1,NA,62:1,2017-18
41,WARREN,2790,LOPATCONG TWP,14:1,255:1,19:1,NA,382:1,382:1,382:1,2017-18
41,WARREN,2970,MANSFIELD TWP,10:1,157:1,15:1,NA,628:1,628:1,209:1,2017-18
41,WARREN,3675,NORTH WARREN REGIONAL,10:1,101:1,10:1,811:1,811:1,162:1,270:1,2017-18
41,WARREN,3890,OXFORD TWP,8:1,139:1,17:1,NA,278:1,NA,93:1,2017-18
41,WARREN,4100,PHILLIPSBURG TOWN,12:1,170:1,15:1,980:1,490:1,392:1,196:1,2017-18
41,WARREN,4200,POHATCONG TWP,11:1,104:1,10:1,311:1,311:1,311:1,NA,2017-18
41,WARREN,5450,WARREN CO SPECIAL SERVICE,1:1,11:1,10:1,NA,NA,NA,6:1,2017-18
41,WARREN,5460,WARREN COUNTY VOCATIONAL,11:1,92:1,8:1,NA,460:1,153:1,230:1,2017-18
41,WARREN,5465,WARREN HILLS REGIONAL,12:1,138:1,12:1,895:1,596:1,256:1,256:1,2017-18
41,WARREN,5480,WASHINGTON BORO,10:1,95:1,10:1,476:1,238:1,476:1,159:1,2017-18
41,WARREN,5530,WASHINGTON TWP,10:1,114:1,12:1,454:1,227:1,454:1,227:1,2017-18
41,WARREN,5780,WHITE TWP,7:1,87:1,12:1,262:1,262:1,262:1,87:1,2017-18
80,CHARTERS,6010,ACADEMY CHARTER HIGH SCHOOL,10:1,54:1,6:1,NA,162:1,162:1,81:1,2017-18
80,CHARTERS,6013,BERGEN ARTS AND SCIENCES CHARTER SCHOOL,14:1,373:1,27:1,NA,560:1,NA,373:1,2017-18
80,CHARTERS,6017,FOUNDATION ACADEMY CS,14:1,203:1,15:1,NA,507:1,1014:1,1014:1,2017-18
80,CHARTERS,6018,CENTRAL JERSEY COLLEGE PREP CHARTER SCHOOL,12:1,154:1,13:1,NA,616:1,205:1,616:1,2017-18
80,CHARTERS,6020,PRIDE ACADEMY CHARTER SCHOOL,11:1,48:1,4:1,NA,287:1,287:1,287:1,2017-18
80,CHARTERS,6021,COMMUNITY CHARTER SCHOOL OF PATERSO,11:1,56:1,5:1,NA,296:1,445:1,NA,2017-18
80,CHARTERS,6022,BURCH CHARTER SCHOOL OF EXCELLENCE,14:1,118:1,8:1,NA,355:1,178:1,NA,2017-18
80,CHARTERS,6025,PAUL ROBESON HUMANITIES  CHARTER SCHOOL,13:1,125:1,10:1,NA,376:1,NA,NA,2017-18
80,CHARTERS,6026,RIVERBANK CHARTER SCHOOL OF EXCELLE,10:1,72:1,7:1,NA,144:1,NA,NA,2017-18
80,CHARTERS,6028,VINELAND PUBLIC CHARTER SCHOOL,12:1,141:1,12:1,NA,423:1,423:1,423:1,2017-18
80,CHARTERS,6029,NEWARK EDUCATORS COMMUNITY CHARTER SCHOOL,17:1,74:1,4:1,NA,NA,NA,148:1,2017-18
80,CHARTERS,6030,THE ETHICAL COMMUNITY CHARTER SCHOOL,11:1,62:1,6:1,NA,374:1,374:1,374:1,2017-18
80,CHARTERS,6032,ACADEMY FOR URBAN LEADERSHIP CHARTER SCHOOL,12:1,113:1,10:1,NA,282:1,141:1,282:1,2017-18
80,CHARTERS,6033,THE BARACK OBAMA GREEN CHARTER HIGH SCHOOL,11:1,59:1,5:1,NA,NA,237:1,NA,2017-18
80,CHARTERS,6036,HOLA HOBOKEN DUAL LANG CS,15:1,390:1,26:1,NA,390:1,390:1,NA,2017-18
80,CHARTERS,6041,HATIKVAH INTERNATIONAL CS,12:1,145:1,12:1,NA,435:1,435:1,435:1,2017-18
80,CHARTERS,6053,GREAT OAKS LEGACY CHARTER SCHOOL,17:1,107:1,6:1,NA,1180:1,1180:1,197:1,2017-18
80,CHARTERS,6057,PEOPLES PREPARATORY CHARTER SCHOOL,15:1,123:1,8:1,NA,NA,NA,93:1,2017-18
80,CHARTERS,6058,ROSEVILLE COMMUNITY CS,12:1,81:1,7:1,NA,325:1,NA,325:1,2017-18
80,CHARTERS,6060,ATLANTIC COMMUNITY CHARTER SCHOOL,16:1,182:1,12:1,NA,NA,NA,364:1,2017-18
80,CHARTERS,6064,DR LENA EDWARDS ACADEMIC CHARTER SCHOOL,14:1,191:1,14:1,NA,382:1,382:1,382:1,2017-18
80,CHARTERS,6067,KINGDOM CS OF LEADERSHIP,10:1,32:1,3:1,NA,189:1,NA,189:1,2017-18
80,CHARTERS,6068,M E T S CHARTER SCHOOL,13:1,113:1,9:1,NA,NA,339:1,NA,2017-18
80,CHARTERS,6069,MILLVILLE PUBLIC CHARTER SCHOOL,9:1,85:1,10:1,NA,NA,255:1,NA,2017-18
80,CHARTERS,6076,BENJAMIN BANNEKER PREP CS,13:1,67:1,5:1,NA,NA,200:1,NA,2017-18
80,CHARTERS,6079,JOHN P HOLLAND CHARTER SCHOOL,16:1,90:1,6:1,359:1,359:1,NA,359:1,2017-18
80,CHARTERS,6080,PASSAIC ARTS AND SCIENCE CHARTER SCHOOL,15:1,NA,N,NA,419:1,NA,251:1,2017-18
80,CHARTERS,6081,THOMAS EDISON ENERGYSMART CHARTER SCHOOL,17:1,94:1,5:1,NA,469:1,469:1,NA,2017-18
80,CHARTERS,6082,BELOVED COMMUNITY CHARTER SCHOOL,16:1,318:1,20:1,NA,953:1,953:1,953:1,2017-18
80,CHARTERS,6086,HOPE COMMUNITY CS,7:1,96:1,13:1,NA,NA,NA,192:1,2017-18
80,CHARTERS,6089,COMPASS ACADEMY CS,13:1,101:1,8:1,NA,201:1,201:1,NA,2017-18
80,CHARTERS,6093,JERSEY CITY GLOBAL CS,13:1,122:1,10:1,NA,NA,NA,NA,2017-18
80,CHARTERS,6094,PHILLIP'S ACADEMY CHARTER SCHOOL,11:1,108:1,10:1,NA,432:1,NA,216:1,2017-18
80,CHARTERS,6096,PATERSON ARTS AND SCIENCE CHARTER SCHOOL,16:1,342:1,22:1,NA,684:1,684:1,684:1,2017-18
80,CHARTERS,6099,LINK COMMUNITY CHARTER SCHOOL,9:1,96:1,11:1,NA,288:1,NA,144:1,2017-18
80,CHARTERS,6100,BRIDGETON PUBLIC CHARTER SCHOOL,7:1,34:1,5:1,NA,NA,NA,NA,2017-18
80,CHARTERS,6101,COLLEGE ACHIEVE CENTRAL CHARTER SCHOOL,14:1,266:1,18:1,NA,NA,797:1,797:1,2017-18
80,CHARTERS,6102,CRESTHAVEN ACADEMY CHARTER SCHOOL,9:1,38:1,5:1,NA,NA,153:1,153:1,2017-18
80,CHARTERS,6103,EMPOWERMENT ACADEMY CHARTER SCHOOL,15:1,114:1,8:1,NA,456:1,456:1,456:1,2017-18
80,CHARTERS,6104,INTERNATIONAL ACADEMY OF ATLANTIC CITY CHARTER SCHOOL,14:1,164:1,12:1,NA,327:1,NA,327:1,2017-18
80,CHARTERS,6105,HUDSON ARTS AND SCIENCE  CHARTER SCHOOL,16:1,476:1,30:1,NA,476:1,NA,476:1,2017-18
80,CHARTERS,6106,PHILIP’S CHARTER SCHOOL OF PATERSON,10:1,138:1,14:1,NA,138:1,NA,69:1,2017-18
80,CHARTERS,6107,CAMDEN’S PROMISE CHARTER SCHOOL,11:1,139:1,13:1,2083:1,1042:1,347:1,208:1,2017-18
80,CHARTERS,6109,LEAD CHARTER SCHOOL,32:1,128:1,4:1,NA,NA,64:1,128:1,2017-18
80,CHARTERS,6110,ACHIEVE COMMUNITY CHARTER SCHOOL,12:1,21:1,2:1,NA,NA,NA,NA,2017-18
80,CHARTERS,6182,INTERNATIONAL ACADEMY OF TRENTON CHARTER SCHOOL,16:1,151:1,10:1,NA,602:1,NA,NA,2017-18
80,CHARTERS,6183,TRENTON STEM-TO-CIVICS CS,15:1,98:1,7:1,NA,NA,195:1,NA,2017-18
80,CHARTERS,6184,GREAT FUTURES CHARTER SCHOOL,18:1,NA,N,NA,NA,NA,295:1,2017-18
80,CHARTERS,6230,CLASSICAL ACADEMY CHARTER SCHOOL ,9:1,59:1,7:1,NA,117:1,NA,NA,2017-18
80,CHARTERS,6232,ENVIRONMENT COMMUNITY CS,8:1,75:1,10:1,NA,NA,NA,150:1,2017-18
80,CHARTERS,6240,FREEDOM PREP CHARTER SCHOOL,NA,NA,N,NA,NA,NA,NA,2017-18
80,CHARTERS,6320,DISCOVERY CS,8:1,22:1,3:1,NA,NA,NA,NA,2017-18
80,CHARTERS,6410,EAST ORANGE COMMUNITY CS,14:1,120:1,9:1,NA,240:1,NA,479:1,2017-18
80,CHARTERS,6420,ELYSIAN CS OF HOBOKEN,11:1,145:1,13:1,NA,NA,NA,290:1,2017-18
80,CHARTERS,6430,ENGLEWOOD ON THE PALISADES CHARTER SCHOOL,11:1,137:1,13:1,NA,273:1,NA,NA,2017-18
80,CHARTERS,6635,GREATER BRUNSWICK CS,11:1,130:1,12:1,NA,391:1,NA,196:1,2017-18
80,CHARTERS,6665,GRAY CS,18:1,111:1,6:1,NA,332:1,NA,332:1,2017-18
80,CHARTERS,6720,HOBOKEN CS,10:1,58:1,6:1,NA,145:1,290:1,290:1,2017-18
80,CHARTERS,6740,HOPE ACADEMY CS,9:1,55:1,6:1,NA,NA,NA,73:1,2017-18
80,CHARTERS,6810,INTERNATIONAL CHARTER SCHOOL ,9:1,90:1,10:1,NA,90:1,NA,NA,2017-18
80,CHARTERS,6910,JERSEY CITY COMM. CS,16:1,194:1,12:1,NA,583:1,NA,292:1,2017-18
80,CHARTERS,6915,JERSEY CITY GOLDEN DOOR CHARTER SCHOOL,13:1,111:1,8:1,NA,554:1,277:1,NA,2017-18
80,CHARTERS,7100,LADY LIBERTY ACADEMY CS,13:1,74:1,6:1,NA,NA,445:1,445:1,2017-18
80,CHARTERS,7109,LEAP ACADEMY UNIVERSITY CS,15:1,254:1,17:1,NA,NA,1525:1,NA,2017-18
80,CHARTERS,7115,LEARNING COMMUNITY CS,13:1,290:1,22:1,NA,580:1,580:1,580:1,2017-18
80,CHARTERS,7210,MARION P. THOMAS CS,11:1,96:1,8:1,NA,NA,669:1,167:1,2017-18
80,CHARTERS,7290,NEW HORIZONS COMM. CS,13:1,147:1,12:1,NA,589:1,NA,589:1,2017-18
80,CHARTERS,7320,NORTH STAR ACADEMY CHARTER SCHOOL,17:1,380:1,22:1,NA,NA,NA,706:1,2017-18
80,CHARTERS,7325,TEAM ACADEMY CHARTER SCHOOL,20:1,NA,N,NA,NA,NA,446:1,2017-18
80,CHARTERS,7410,CHARTER~TECH HIGH SCHOOL,9:1,68:1,8:1,NA,342:1,342:1,342:1,2017-18
80,CHARTERS,7500,PACE CS OF HAMILTON,13:1,148:1,12:1,NA,295:1,NA,NA,2017-18
80,CHARTERS,7503,PATERSON CS FOR SCI/TECH,13:1,133:1,11:1,1325:1,663:1,265:1,1325:1,2017-18
80,CHARTERS,7540,PRINCETON CS,10:1,199:1,20:1,NA,NA,398:1,NA,2017-18
80,CHARTERS,7600,QUEEN CITY ACADEMY CS,12:1,108:1,9:1,NA,324:1,324:1,NA,2017-18
80,CHARTERS,7720,THE RED BANK CS,7:1,67:1,9:1,NA,200:1,NA,200:1,2017-18
80,CHARTERS,7727,RIDGE AND VALLEY CS,8:1,64:1,9:1,NA,NA,NA,NA,2017-18
80,CHARTERS,7730,ROBERT TREAT ACADEMY CS,15:1,135:1,9:1,NA,673:1,NA,224:1,2017-18
80,CHARTERS,7735,MARIA L. VARISCO-ROGERS CS,10:1,61:1,6:1,NA,549:1,NA,549:1,2017-18
80,CHARTERS,7830,SOARING HEIGHTS CS,18:1,240:1,13:1,NA,240:1,120:1,NA,2017-18
80,CHARTERS,7850,SUSSEX COUNTY TECHNOLOGY CHARTER SCHOOL ,10:1,75:1,7:1,NA,225:1,225:1,NA,2017-18
80,CHARTERS,7890,TEANECK COMMUNITY CS,12:1,81:1,7:1,NA,322:1,NA,322:1,2017-18
80,CHARTERS,7891,COLLEGE ACHIEVE GREATER ASBURY PARK CHARTER SCHOOL,13:1,NA,N,NA,NA,NA,77:1,2017-18
80,CHARTERS,7892,COLLEGE ACHIEVE PATERSON CHARTER SCHOOL,15:1,96:1,6:1,NA,NA,NA,288:1,2017-18
80,CHARTERS,7893,OCEAN ACADEMY CHARTER SCHOOL,NA,NA,N,NA,NA,NA,NA,2017-18
80,CHARTERS,8010,UNION COUNTY TEAMS CS,19:1,96:1,5:1,NA,NA,192:1,NA,2017-18
80,CHARTERS,8050,UNITY CS,10:1,60:1,6:1,NA,241:1,241:1,241:1,2017-18
80,CHARTERS,8060,UNIVERSITY ACADEMY CS,10:1,61:1,6:1,NA,428:1,214:1,143:1,2017-18
80,CHARTERS,8065,UNIVERSITY HEIGHTS CS,13:1,145:1,11:1,NA,870:1,NA,174:1,2017-18
80,CHARTERS,8140,VILLAGE CS,10:1,119:1,12:1,NA,358:1,358:1,358:1,2017-18
State,State,State,State,12:1,150:1,13:1,1030:1,520:1,367:1,246:1,2017-18
